fmo_e_homo_boltz,nbo_bds_e_avg_boltz,pyr_P_min,vbur_vbur_boltz,Predicted,SMILES
-0.218243366,0.213486864,0.841070382,105.5662868,0.03857879328867142,CC(C)c1cc(C(C)C)c(-c2ccccc2P(C2CCCCC2)C2CCCCC2)c(C(C)C)c1
-0.206310457,0.219230497,0.873397309,108.688178,-0.7199958411661669,CN(C)c1cccc(N(C)C)c1-c1ccccc1P(C1CCCCC1)C1CCCCC1
-0.213323406,0.219849328,0.843185744,101.0938553,-0.26338069969055766,COc1cccc(OC)c1-c1ccccc1P(C1CCCCC1)C1CCCCC1
-0.211571453,0.221012868,0.867741023,107.8093841,0.09821448952597933,CC(C)Oc1cccc(OC(C)C)c1-c1ccccc1P(C1CCCCC1)C1CCCCC1
-0.218842229,0.210771467,0.860283145,85.33928457,-0.42268535750358893,c1ccc(-c2ccccc2P(C2CCCCC2)C2CCCCC2)cc1
-0.20994,0.19328,0.821772077,65.67967459,-4.25126530972895,C1C2CC3CC1CC(P(C14CC5CC(CC(C5)C1)C4)C14CC5CC(CC(C5)C1)C4)(C2)C3
-0.216513936,0.233742921,0.876289416,93.77895268,1.5785355065502316,COc1cccc(OC)c1-c1ccccc1P(c1ccccc1)c1ccccc1
-0.21688,0.176943333,0.830704416,65.12848283,-4.46759158658606,CC(C)(C)P(C(C)(C)C)C(C)(C)C
-0.222588736,0.232064786,0.853768613,71.76077889,1.3952994859334993,Cc1ccccc1P(c1ccccc1C)c1ccccc1C
-0.217024867,0.20432279,0.842556737,64.29165019,-2.064964468599335,CCCCP(C12CC3CC(CC(C3)C1)C2)C12CC3CC(CC(C3)C1)C2
-0.220135327,0.20441219,0.85753477,57.51884174,-1.595061286758778,C1CCC(P(C2CCCCC2)C2CCCCC2)CC1
-0.22108,0.190146667,0.883015436,72.80960662,-1.8428390212190564,CC(C)(C)CP(C(C)(C)C)C(C)(C)C
-0.22265,0.209193333,0.905194032,54.01679179,-0.29459198054379954,CC(C)(C)P(c1ccccc1)c1ccccc1
-0.22349,0.190963333,0.890297195,56.64410428,-1.790906607500247,CP(C(C)(C)C)C(C)(C)C
-0.208248943,0.240287091,0.910853811,64.58331275,0.5210892670779756,COc1ccccc1P(c1ccccc1OC)c1ccccc1OC
-0.26032,0.1937,0.933230207,50.57681138,4.248104840794376,FC(F)(F)c1ccc(P(c2ccc(C(F)(F)F)cc2)c2ccc(C(F)(F)F)cc2)cc1
-0.22839,0.224266667,0.932082024,50.68872317,2.0506048948383935,c1ccc(P(c2ccccc2)c2ccccc2)cc1
-0.21957,0.231126667,0.932288014,50.5830868,1.3167539821870875,Cc1ccc(P(c2ccc(C)cc2)c2ccc(C)cc2)cc1
-0.230259718,0.208136587,0.919493733,52.76526204,0.8930121231708554,c1ccc(CP(c2ccccc2)c2ccccc2)cc1
-0.228671192,0.204686792,0.914372364,53.80612139,0.33780190097184715,CCCCP(CCCC)CCCC
-0.230615103,0.201753861,0.919633776,47.69626725,0.2769890678692164,CCP(CC)CC
-0.23527,0.201196667,0.959551933,39.74228506,1.2215056768146653,CP(C)C
-0.221900308,0.22612782,0.904576061,54.52853797,0.9911348493671355,CC1(C)c2ccccc2Oc2c(P(c3ccccc3)c3ccccc3)cccc21
-0.211124323,0.230654872,0.875145711,92.06724258,0.46816897516628586,COc1ccc2ccccc2c1-c1ccccc1P(c1ccccc1)c1ccccc1
-0.222088926,0.228663387,0.868313352,101.5363865,2.0982752297796807,CC(C)c1cc(C(C)C)c(-c2ccccc2P(c2ccccc2)c2ccccc2)c(C(C)C)c1
-0.242268477,0.199569559,0.885885733,93.01222431,2.666898763216473,COc1cccc(OC)c1-c1ccccc1P(c1cc(C(F)(F)F)cc(C(F)(F)F)c1)c1cc(C(F)(F)F)cc(C(F)(F)F)c1
-0.213938215,0.239411219,0.838363682,108.8864848,1.5924049162776797,COc1cccc(OC)c1-c1ccccc1P(c1ccccc1C)c1ccccc1C
-0.232741722,0.214674051,0.879991833,93.59124771,2.443504108759548,COc1cccc(OC)c1-c1ccccc1P(c1ccc(C(F)(F)F)cc1)c1ccc(C(F)(F)F)cc1
-0.246248285,0.195905522,0.873328226,103.6828268,3.090976777310722,CC(C)c1cc(C(C)C)c(-c2ccccc2P(c2cc(C(F)(F)F)cc(C(F)(F)F)c2)c2cc(C(F)(F)F)cc(C(F)(F)F)c2)c(C(C)C)c1
-0.216838972,0.191237797,0.83297565,64.00221492,-3.302851082170143,CC(C)(C)P(C1CCCCC1)C(C)(C)C
-0.22535,0.198913333,0.856901014,63.12557542,-1.126266208229886,CC(C)(C)P(c1ccccc1)C(C)(C)C
-0.219144995,0.196409085,0.836794299,60.52699471,-2.588755913907761,CC(C)(C)P(C1CCCCC1)C1CCCCC1
-0.237414793,0.20160104,0.876268731,105.0352907,2.3384339932135916,CC(C)Oc1cccc(OC(C)C)c1-c1ccccc1P(c1cc(C(F)(F)F)cc(C(F)(F)F)c1)c1cc(C(F)(F)F)cc(C(F)(F)F)c1
-0.230609184,0.215486639,0.876784396,103.2057323,2.4314500485470134,CC(C)Oc1cccc(OC(C)C)c1-c1ccccc1P(c1ccc(C(F)(F)F)cc1)c1ccc(C(F)(F)F)cc1
-0.237716115,0.210115367,0.865868069,102.1660172,2.8587906160041356,CC(C)c1cc(C(C)C)c(-c2ccccc2P(c2ccc(C(F)(F)F)cc2)c2ccc(C(F)(F)F)cc2)c(C(C)C)c1
-0.214867893,0.198824131,0.857115524,98.83560362,-1.6396864267343787,CC(C)(C)P(c1ccccc1-c1ccc(-c2ccccc2)cc1)C(C)(C)C
-0.214676045,0.196615451,0.840813896,100.1641375,-2.0295413820349992,CC(C)(C)P(C(C)(C)C)[C@]1(C)CC1(c1ccccc1)c1ccccc1
-0.218828768,0.211475212,0.86072489,88.91510781,-0.25768116876062663,C[C@@]1(P(C2CCCCC2)C2CCCCC2)CC1(c1ccccc1)c1ccccc1
-0.214108846,0.211750047,0.874232104,90.64921639,-0.6974752069738628,CC(=C(c1ccccc1)c1ccccc1)P(C1CCCCC1)C1CCCCC1
-0.222562086,0.228180823,0.924233862,48.45049093,1.345118179269896,Cc1ccc(P(c2ccccc2)c2ccc(C)o2)o1
-0.231225177,0.198897779,0.892972065,79.8895364,0.7045623866850477,CCCCP(CCCC)c1ccccc1-n1ccnc1
-0.215938504,0.199656673,0.757343407,97.61959082,-2.788431261600735,CC(C)(C)P(c1ccccc1-c1ccccc1)C(C)(C)C
-0.22838307,0.206453533,0.924024226,83.13656145,1.417384060703263,CC(C)CP(CC(C)C)c1nccn1-c1ccccc1
-0.214913922,0.215430524,0.880834902,81.54154708,-0.45167384797327514,c1ccc(-n2cccc2P(C2CCCCC2)C2CCCCC2)cc1
-0.21750105,0.211476714,0.911048183,70.1826196,-0.31842030204300187,CCP(CC)c1cccn1-c1ccccc1
-0.215170231,0.214116661,0.889141564,85.47492238,-0.2966524168831839,CC(C)CP(CC(C)C)c1cccn1-c1ccccc1
-0.217489226,0.209391203,0.881828348,79.6454737,-0.6100987451185986,CC(C)P(c1cccn1-c1ccccc1)C(C)C
-0.215628367,0.212989862,0.902269484,79.10991406,-0.32944012356379915,CCCCP(CCCC)c1cccn1-c1ccccc1
-0.195604163,0.243346124,0.691831616,134.4762943,-2.0072020545610982,CC(C)c1cc(C(C)C)c(P(c2c(C(C)C)cc(C(C)C)cc2C(C)C)c2c(C(C)C)cc(C(C)C)cc2C(C)C)c(C(C)C)c1
-0.180680014,0.253779132,0.857941299,77.20512236,-2.769745411613684,COc1cc(OC)c(P(c2c(OC)cc(OC)cc2OC)c2c(OC)cc(OC)cc2OC)c(OC)c1
-0.201359992,0.23715666,0.689870426,134.8465539,-1.684638358174773,CC(C)c1cccc(C(C)C)c1P(c1c(C(C)C)cccc1C(C)C)c1c(C(C)C)cccc1C(C)C
-0.191758309,0.251461229,0.760322666,86.88305215,-2.362340465376377,COc1cc(C)c(P(c2c(C)cc(OC)cc2C)c2c(C)cc(OC)cc2C)c(C)c1
-0.189637281,0.250576882,0.852672635,76.48715101,-1.807363553235028,COc1cccc(OC)c1P(c1c(OC)cccc1OC)c1c(OC)cccc1OC
-0.227680525,0.219347434,0.931030939,48.14790487,1.455193993794488,c1coc(P(c2ccco2)c2ccco2)c1
-0.203797613,0.242712534,0.859245849,84.18969438,-0.06047749681724213,COc1ccc(P(c2ccc(OC)cc2C(C)C)c2ccc(OC)cc2C(C)C)c(C(C)C)c1
-0.205153489,0.241606681,0.855018324,71.77400082,-0.36737795885157,COc1ccc(P(c2ccc(OC)cc2C)c2ccc(OC)cc2C)c(C)c1
-0.19968,0.248696667,0.755764713,86.6479711,-1.492769914168882,Cc1cc(C)c(P(c2c(C)cc(C)cc2C)c2c(C)cc(C)cc2C)c(C)c1
-0.23821,0.211683333,0.932953799,50.86129744,2.478257642820303,Fc1ccc(P(c2ccc(F)cc2)c2ccc(F)cc2)cc1
-0.209949738,0.23474086,0.931998122,50.76793774,0.20070278442550915,COc1ccc(P(c2ccc(OC)cc2)c2ccc(OC)cc2)cc1
-0.218687258,0.233200065,0.875994749,84.85385415,1.5916225032662723,CC(C)c1ccccc1P(c1ccccc1C(C)C)c1ccccc1C(C)C
-0.221406572,0.198014937,0.816025767,67.79940373,-2.1932523356326072,c1ccc(CP(C23CC4CC(CC(C4)C2)C3)C23CC4CC(CC(C4)C2)C3)cc1
-0.238602611,0.183518663,0.926171236,62.49965675,0.4703380749942667,c1ccc(CP(Cc2ccccc2)Cc2ccccc2)cc1
-0.224109073,0.203159965,0.880496688,55.39031951,-0.8669910227009154,CCP(C1CCCCC1)C1CCCCC1
-0.225730673,0.211183686,0.876533262,65.30339653,0.26289100731867876,Cc1ccccc1P(C1CCCCC1)C1CCCCC1
-0.228121133,0.21072224,0.875135379,55.54336966,0.27564187731713474,c1ccc(P(C2CCCCC2)C2CCCCC2)cc1
-0.20343953,0.221019078,0.867683308,55.88869088,-2.597413908261757,CN(C)c1ccc(P(C2CCCCC2)C2CCCCC2)cc1
-0.224223381,0.211587752,0.890405588,54.7822717,-0.04326788561089501,C1CCC(P(C2CCCC2)C2CCCC2)C1
-0.23611,0.187583333,0.858516213,62.98124058,-0.45679147719406643,CC(C)(C)P(c1ccc(C(F)(F)F)cc1)C(C)(C)C
-0.236306437,0.20742304,0.905266754,49.16586421,1.4282768452256605,CCP(CC)c1ccccc1
-0.228703756,0.214479584,0.924184893,48.40620531,1.1217648152735578,CCP(c1ccccc1)c1ccccc1
-0.228850183,0.211542389,0.911775607,72.89885044,1.443363953341084,CCCCn1nnc(P(CCCC)CCCC)c1-c1ccccc1
-0.214932845,0.233721066,0.873322327,103.5579088,1.5870503013849842,CC(C)Oc1cccc(OC(C)C)c1-c1ccccc1P(c1ccccc1)c1ccccc1
-0.231194257,0.204748637,0.870055748,54.37768744,0.13536205849484162,CC(C)P(c1ccccc1)C(C)C
-0.222389646,0.1901799,0.840197117,59.23941294,-2.614452037011745,CC(C)P(C(C)C)C(C)(C)C
-0.224140848,0.195223113,0.848837302,56.62406259,-1.9028506658719024,CC(C)P(C(C)C)C(C)C
-0.235837078,0.206633475,0.946765943,43.57627544,1.6900733477960088,CP(C)c1ccccc1
-0.23042,0.214393333,0.942747704,46.22793982,1.5531926594562933,CP(c1ccccc1)c1ccccc1
-0.223352481,0.229054078,0.932767937,50.65627785,1.7112288548936547,Cc1cccc(P(c2cccc(C)c2)c2cccc(C)c2)c1
-0.229428083,0.203989772,0.913381095,54.18240157,0.38943022059131494,CCCP(CCC)CCC
-0.231277605,0.207964822,0.895761655,49.44472182,0.6140307737283663,C=CCP(c1ccccc1)c1ccccc1
-0.231185072,0.213654998,0.91261385,53.20814033,1.4022406296881584,CC(C)P(c1ccccc1)c1ccccc1
-0.224794273,0.224071909,0.931587058,50.65830748,1.4985841334522476,C=Cc1ccc(P(c2ccccc2)c2ccccc2)cc1
-0.222503441,0.189858133,0.845831398,60.90469409,-2.50038139003194,CCP(C(C)(C)C)C(C)(C)C
-0.221816389,0.191279093,0.845293202,64.08827541,-2.4000262689536314,CCCCP(C(C)(C)C)C(C)(C)C
-0.206349016,0.201898529,0.745576336,121.6834609,-3.4767068862082837,COc1ccc(OC)c(P(C(C)(C)C)C(C)(C)C)c1-c1c(C(C)C)cc(C(C)C)cc1C(C)C
-0.217078277,0.1985914,0.856300269,113.2957086,-0.9270503277396571,CC(C)c1cc(C(C)C)c(-c2ccccc2P(C(C)(C)C)C(C)(C)C)c(C(C)C)c1
-0.207694776,0.200903063,0.722277968,99.85544663,-4.303973852289339,CC(=C(c1ccccc1)c1ccccc1)P(C(C)(C)C)C(C)(C)C
-0.209898967,0.207950745,0.863254869,109.3871187,-1.2339648218656478,COc1cccc(OC)c1-c1ccccc1P(C(C)(C)C)C(C)(C)C
-0.218887231,0.204603729,0.879338922,76.12468194,-0.9325517343033383,CCCCP(CCCC)c1ccccc1-n1cccc1
-0.223423084,0.205252827,0.926616463,73.72700509,0.3527610479320131,CCCCP(CCCC)c1nccn1-c1ccccc1
-0.222118348,0.220198988,0.926960127,49.70255626,0.6977770594183355,COc1ccccc1P(C)c1ccccc1
-0.26319,0.13163,0.94823587,88.15825742,0.8645006486231424,FC(F)(F)P(c1ccccc1-c1ccccc1)C(F)(F)F
-0.241805371,0.142478526,0.948578223,104.4838006,-0.912356350239115,COc1cccc(OC)c1-c1ccccc1P(C(F)(F)F)C(F)(F)F
-0.250200017,0.13345989,0.896790285,104.9011941,-1.101535781266115,CC(C)c1cc(C(C)C)c(-c2ccccc2P(C(F)(F)F)C(F)(F)F)c(C(C)C)c1
-0.210196618,0.217130799,0.838311253,111.4042064,-0.7135662749366389,COc1ccc(OC)c(P(C2CCCCC2)C2CCCCC2)c1-c1c(C(C)C)cc(C(C)C)cc1C(C)C
-0.207958423,0.20142789,0.726135426,122.7311214,-3.5094572965119752,COc1ccc(C)c(-c2c(C(C)C)cc(C(C)C)cc2C(C)C)c1P(C(C)(C)C)C(C)(C)C
-0.235635921,0.202230174,0.868196605,106.4001076,2.0596616926647116,COc1ccc(OC)c(P(c2cc(C(F)(F)F)cc(C(F)(F)F)c2)c2cc(C(F)(F)F)cc(C(F)(F)F)c2)c1-c1c(C(C)C)cc(C(C)C)cc1C(C)C
-0.232611407,0.139093765,0.888049431,115.7083112,-3.02964880839766,COc1ccc(OC)c(P(C(F)(F)F)C(F)(F)F)c1-c1c(C(C)C)cc(C(C)C)cc1C(C)C
-0.245369976,0.135293373,0.881301661,113.059285,-1.6332546505539227,COc1ccc(C)c(-c2c(C(C)C)cc(C(C)C)cc2C(C)C)c1P(C(F)(F)F)C(F)(F)F
-0.218278781,0.217519303,0.867059641,67.42929533,-0.37835268922371057,CC(C)=C(C)P(C1CCCCC1)C1CCCCC1
-0.20693,0.242726667,0.750806905,87.12072,-0.9698425860512927,Cc1cccc(C)c1P(c1c(C)cccc1C)c1c(C)cccc1C
-0.222261788,0.204451551,0.853746503,84.41172438,-0.5531367160285541,CC(C)P(c1ccccc1-c1ccccc1)C(C)C
-0.22639534,0.189528472,0.896320853,95.86127617,-0.26767176698072603,Cc1cc(C)c(CP(Cc2c(C)cc(C)cc2C)Cc2c(C)cc(C)cc2C)c(C)c1
-0.21878231,0.171026471,0.786749639,94.79036306,-4.406476771043678,CC(C)(c1ccccc1)P(C(C)(C)c1ccccc1)C(C)(C)c1ccccc1
-0.23176,0.220043333,0.932542295,50.74833974,2.2073321956048133,Fc1ccc(P(c2ccccc2)c2ccccc2)cc1
-0.24244,0.210226667,0.930030719,50.74206431,2.9378065596255922,N#Cc1ccc(P(c2ccccc2)c2ccccc2)cc1
-0.2041,0.23453,0.930546203,50.73160527,-0.696961781522333,CN(C)c1ccc(P(c2ccccc2)c2ccccc2)cc1
-0.22535,0.226606667,0.932197582,50.65943784,1.796465993375243,Cc1ccc(P(c2ccccc2)c2ccccc2)cc1
-0.23263,0.218816667,0.93268574,50.68140184,2.234556094561974,Clc1ccc(P(c2ccccc2)c2ccccc2)cc1
-0.248701449,0.197878827,0.821531908,103.8906152,2.9241793370149125,FC(F)(F)c1ccccc1P(c1ccccc1C(F)(F)F)c1ccccc1C(F)(F)F
-0.253759617,0.202625596,0.854469332,71.80829108,3.572326324042912,Cc1cc(C(F)(F)F)ccc1P(c1ccc(C(F)(F)F)cc1C)c1ccc(C(F)(F)F)cc1C
-0.276507845,0.170648076,0.822644959,102.4828687,4.751363101839807,FC(F)(F)c1ccc(P(c2ccc(C(F)(F)F)cc2C(F)(F)F)c2ccc(C(F)(F)F)cc2C(F)(F)F)c(C(F)(F)F)c1
-0.215122418,0.228050501,0.91110722,49.92703666,0.10736070290794686,c1ccc(P(c2ccccc2)C23C4C5C6C2[Fe]56432789C3C2C7C8C39)cc1
-0.27807,0.156426667,0.9109666,66.45782765,3.958891791777866,Fc1c(F)c(F)c(P(c2c(F)c(F)c(F)c(F)c2F)c2c(F)c(F)c(F)c(F)c2F)c(F)c1F
-0.2742,0.161523333,0.964391912,41.79225818,3.8127411348173936,CP(C)C(F)(F)F
-0.24244,0.20022,0.921191176,57.45363448,2.192039265723416,Fc1c(F)c(F)c(P(c2ccccc2)c2ccccc2)c(F)c1F
-0.24042,0.208393333,0.933563057,50.66675918,2.5357166651823135,Clc1ccc(P(c2ccc(Cl)cc2)c2ccc(Cl)cc2)cc1
-0.2172,0.229986667,0.892381785,63.71964926,0.7187280554992341,Cc1cc(C)c(P(c2ccccc2)c2ccccc2)c(C)c1
-0.221169924,0.229550961,0.906167991,54.59580023,1.1879515052971286,COc1ccccc1P(c1ccccc1)c1ccccc1
-0.221281595,0.228077255,0.931635037,50.75365938,1.314299741708659,COc1ccc(P(c2ccccc2)c2ccccc2)cc1
-0.233812113,0.218762296,0.932781549,50.69822889,2.4056204032080117,Fc1cccc(P(c2ccccc2)c2ccccc2)c1
-0.244209575,0.20793324,0.933845711,50.68184289,3.05920846690001,Fc1cccc(P(c2cccc(F)c2)c2cccc(F)c2)c1
-0.237980369,0.194810126,0.875878964,58.30146469,0.5089240919447562,c1ccc(CP(Cc2ccccc2)c2ccccc2)cc1
-0.231805302,0.225549907,0.924613206,48.54511354,2.495699814399707,C=CP(c1ccccc1)c1ccccc1
-0.238686091,0.227327796,0.913293076,45.94976577,3.4260051046561486,C=CP(C=C)C=C
-0.270676569,0.159341412,0.903546136,58.21614124,2.773587805959842,N#CCCP(CCC#N)CCC#N
-0.238655785,0.20201085,0.908469512,49.54984331,1.3836259805034175,ClCCP(c1ccccc1)c1ccccc1
-0.223502023,0.227622261,0.932558146,50.66584902,1.6131928853528095,COc1c(C)cc(P(c2ccccc2)c2ccccc2)cc1C
-0.22371,0.152326667,1.088795753,34.30776448,-2.9094174409517493,C12[C@H]3[C@H]4[C@@H]1[C@H]1[C@@H]2[C@@H]3P41
-0.222075276,0.224508188,0.925117133,53.43754988,1.1281767417107105,CC(C)(C)c1cc(P(c2cc(C(C)(C)C)cc(C(C)(C)C)c2)C2CCCC2)cc(C(C)(C)C)c1
-0.22229593,0.221993769,0.913233793,53.41476754,0.7941347398134937,CC(C)(C)c1cc(P(c2cc(C(C)(C)C)cc(C(C)(C)C)c2)C2CCCCC2)cc(C(C)(C)C)c1
-0.233645528,0.214287561,0.90107663,54.32991221,1.6933324433636372,CC(C)c1cc(C(C)C)c(-c2cc(-c3c(C(C)C)cc(C(C)C)cc3C(C)C)cc(P(C3CCCC3)C3CCCC3)c2)c(C(C)C)c1
-0.235304886,0.215966834,0.900019388,55.28381492,2.0883817035125176,c1ccc(P(C2CCCC2)C2CCCC2)cc1
-0.230130717,0.218901394,0.92025748,53.91483078,1.8007405519097048,c1ccc(P(c2ccccc2)C2CCCC2)cc1
-0.22974772,0.216692258,0.912270892,54.0920283,1.461104064431801,c1ccc(P(c2ccccc2)C2CCCCC2)cc1
-0.209972692,0.222190269,0.797528266,75.51084333,-1.915841282716336,Cc1cc(C)c(P(c2c(C)cc(C)cc2C)C2CCCC2)c(C)c1
-0.222061653,0.223508325,0.924740574,52.90712412,1.0237584612669863,CC(C)c1cc(C(C)C)cc(P(c2cc(C(C)C)cc(C(C)C)c2)C2CCCC2)c1
-0.223750708,0.225086491,0.921289179,53.09723546,1.3606719991422054,Cc1cc(C)cc(P(c2cc(C)cc(C)c2)C2CCCC2)c1
-0.267943327,0.180687107,0.924194028,53.97057021,4.277702778234463,FC(F)(F)c1cc(P(c2cc(C(F)(F)F)cc(C(F)(F)F)c2)C2CCCC2)cc(C(F)(F)F)c1
-0.227611091,0.215945952,0.904954,53.62283044,0.9740450675007466,c1ccc(P(CC2CCCC2)c2ccccc2)cc1
-0.216614309,0.224534931,0.914010524,53.33831582,0.17573407511257955,COc1ccc(P(c2ccc(OC)cc2)C2CCCCC2)cc1
-0.218010028,0.215912134,0.899551655,55.39770482,-0.4611816409223124,CC(C)(C)c1cc(P(c2cc(C(C)(C)C)cc(C(C)(C)C)c2)C(C)(C)C)cc(C(C)(C)C)c1
-0.219441485,0.221381556,0.885856311,54.54367723,-0.010539935402853473,CC(C)(C)c1cc(P(CC2CCCC2)c2cc(C(C)(C)C)cc(C(C)(C)C)c2)cc(C(C)(C)C)c1
-0.22798544,0.209295486,0.885278391,53.88510594,0.22687904978264584,CC(C)c1cc(C(C)C)c(-c2cc(-c3c(C(C)C)cc(C(C)C)cc3C(C)C)cc(P(C3CCCCC3)C3CCCCC3)c2)c(C(C)C)c1
-0.234446401,0.208414067,0.917409554,57.52338891,1.6406537053754064,CC(C)c1cc(C(C)C)c(-c2cc(-c3c(C(C)C)cc(C(C)C)cc3C(C)C)cc(P(CC3CCCC3)CC3CCCC3)c2)c(C(C)C)c1
-0.23580679,0.208786002,0.887764674,53.02888849,1.3433361389679348,CC(C)c1cc(C(C)C)c(-c2cc(-c3c(C(C)C)cc(C(C)C)cc3C(C)C)cc(P(CC3CCCCC3)CC3CCCCC3)c2)c(C(C)C)c1
-0.230995034,0.203472613,0.882621982,54.12969353,0.16290168521600634,CC(C)c1cc(C(C)C)c(-c2cc(-c3c(C(C)C)cc(C(C)C)cc3C(C)C)cc(P(C(C)C)C(C)C)c2)c(C(C)C)c1
-0.229677369,0.219851612,0.894959698,55.82658111,1.527719362053226,COc1ccc(P(C2CCCC2)C2CCCC2)cc1
-0.233660369,0.215435738,0.897217769,56.66639095,1.8054251140802862,CC(C)(C)c1cc(C(C)(C)C)c(-c2cc(-c3c(C(C)(C)C)cc(C(C)(C)C)cc3C(C)(C)C)cc(P(C3CCCC3)C3CCCC3)c2)c(C(C)(C)C)c1
-0.208361859,0.214434009,0.839146195,73.76091815,-2.280894248783653,c1ccc2c(P(C3CCCC3)C3CCCC3)c3ccccc3cc2c1
-0.222734206,0.212785906,0.880113545,54.72268373,-0.30372518603412857,c1ccc2c(c1)cc(-c1cc(-c3cc4ccccc4c4ccccc34)cc(P(C3CCCC3)C3CCCC3)c1)c1ccccc12
-0.224643388,0.219674228,0.857715755,68.70942746,0.6455145561182505,Cc1ccccc1P(c1ccccc1C)C1CCCCC1
-0.213364078,0.226387439,0.851878516,68.31230632,-0.5514044640769313,Cc1cc(C)c(P(c2cc(C(C)(C)C)cc(C(C)(C)C)c2)C2CCCC2)c(C)c1
-0.223610439,0.21925109,0.913824637,52.90864916,0.7556267969342585,CC(C)P(c1cc(C(C)(C)C)cc(C(C)(C)C)c1)c1cc(C(C)(C)C)cc(C(C)(C)C)c1
-0.222060285,0.222356377,0.921447475,56.94033675,1.0013658655669317,CC(C)(C)c1cc(P(c2cc(C(C)(C)C)cc(C(C)(C)C)c2)[C@@H]2C[C@H]3C=C[C@@H]2C3)cc(C(C)(C)C)c1
-0.233840326,0.217059763,0.913824307,52.3733476,2.064005265185422,CC(C)c1cc(C(C)C)c(-c2cc(-c3c(C(C)C)cc(C(C)C)cc3C(C)C)cc(P(c3cc(-c4c(C(C)C)cc(C(C)C)cc4C(C)C)cc(-c4c(C(C)C)cc(C(C)C)cc4C(C)C)c3)C3CCCC3)c2)c(C(C)C)c1
-0.228786725,0.215348283,0.923355166,57.34635119,1.4523951805203623,Cc1cc(C)c(-c2cc(-c3c(C)cc(C)cc3C)cc(P(c3cc(-c4c(C)cc(C)cc4C)cc(-c4c(C)cc(C)cc4C)c3)C3CCCC3)c2)c(C)c1
-0.181702575,0.243290631,0.920820741,53.6572844,-3.316284153811573,c1c(P(c2cc3c4c(c2)CCCN4CCC3)C2CCCC2)cc2c3c1CCCN3CCC2
-0.222918394,0.22689392,0.926375296,49.74588018,1.3580748717605147,CC(C)c1cc(C(C)C)c(-c2cc(-c3c(C(C)C)cc(C(C)C)cc3C(C)C)cc(P(c3cc(C(C)(C)C)cc(C(C)(C)C)c3)c3cc(C(C)(C)C)cc(C(C)(C)C)c3)c2)c(C(C)C)c1
-0.221633229,0.229128016,0.940370021,49.80181615,1.5419496913980097,CC(C)(C)c1cc(P(c2ccccc2)c2cc(C(C)(C)C)cc(C(C)(C)C)c2)cc(C(C)(C)C)c1
-0.23425206,0.210023231,0.915315763,62.44087569,1.8580862071684336,c1ccc(P(CC2CCCC2)CC2CCCC2)cc1
-0.232841293,0.210123231,0.904756079,62.11088473,1.5076479207199114,c1ccc(P(CC2CCCCC2)CC2CCCCC2)cc1
-0.227648698,0.216584897,0.880471307,56.28653933,0.7803146894856141,c1ccc(P(CC2CCCCC2)c2ccccc2)cc1
-0.207292327,0.234710485,0.821039718,73.00927858,-1.0392350695891892,Cc1cc(C)c(C)c(P(c2ccccc2)c2c(C)c(C)cc(C)c2C)c1C
-0.19779,0.25018,0.712529157,87.24309085,-2.212043359371364,Cc1cc(C)c(C)c(P(c2c(C)c(C)cc(C)c2C)c2c(C)c(C)cc(C)c2C)c1C
-0.20917,0.23628,0.84054323,72.96440051,-0.37396308956970614,Cc1cc(C)c(P(c2ccccc2)c2c(C)cc(C)cc2C)c(C)c1
-0.216360477,0.237245053,0.889117433,70.99298641,1.3571844958370392,Cc1cccc(P(c2cccc(C)c2C)c2cccc(C)c2C)c1C
-0.214269203,0.238366606,0.85499173,71.57301676,0.7004931350148027,Cc1ccc(P(c2ccc(C)cc2C)c2ccc(C)cc2C)c(C)c1
-0.215470234,0.234680979,0.933457992,50.49580994,1.0189547791819038,Cc1ccc(P(c2ccc(C)c(C)c2)c2ccc(C)c(C)c2)cc1C
-0.21811843,0.235892405,0.855657901,71.33047482,1.065205401870152,Cc1ccc(C)c(P(c2cc(C)ccc2C)c2cc(C)ccc2C)c1
-0.21938,0.232756667,0.933925147,50.50464396,1.4422736045814943,Cc1cc(C)cc(P(c2cc(C)cc(C)c2)c2cc(C)cc(C)c2)c1
-0.210508621,0.241372167,0.858865396,71.05429589,0.4313528462045966,Cc1cc(C)c(P(c2cc(C)c(C)cc2C)c2cc(C)c(C)cc2C)cc1C
-0.204860097,0.246035432,0.843342146,70.4551487,-0.2419733453225703,Cc1cc(P(c2cc(C)c(C)c(C)c2C)c2cc(C)c(C)c(C)c2C)c(C)c(C)c1C
-0.21568141,0.235226741,0.866172083,63.75519097,0.5746551131597855,Cc1cc(C)c(P(c2ccccc2)c2cc(C)c(C)cc2C)cc1C
-0.21918,0.227653333,0.89242073,63.7060525,0.8184446384728048,Cc1cccc(C)c1P(c1ccccc1)c1ccccc1
-0.21464,0.231883333,0.839801084,72.95707917,0.05913698060705741,Cc1cccc(C)c1P(c1ccccc1)c1c(C)cccc1C
-0.21232,0.239053333,0.949782784,48.32288685,1.071011975006293,Cc1c(C)c(C)p(-c2ccccc2)c1C
-0.20804,0.226573333,0.939222536,58.92731414,-0.41740769091197905,c1ccc(-c2ccc(-c3ccccc3)p2-c2ccccc2)cc1
-0.22911,0.238063333,0.934236223,45.54078047,3.168597059515058,Cc1cp(-c2ccccc2)cc1C
-0.23507,0.22262,0.957141151,47.04897498,3.128580802091129,c1ccc(-p2c3ccccc3c3ccccc32)cc1
-0.233053461,0.215200622,0.936798972,46.71415396,1.9407035883765715,c1ccc2c(c1)c1ccccc1p2C1CCCCC1
-0.23336,0.209906667,0.955170688,49.121958,1.8675826928790613,CC(C)(C)p1c2ccccc2c2ccccc21
-0.24252,0.212736667,0.993042537,46.72056092,3.8851496172175715,c1ccc2c(c1)C1c3ccccc3P2c2ccccc21
-0.224139507,0.22591112,0.885497346,70.95457662,1.520963124539115,c1ccc(-c2ccccc2P(c2ccccc2)c2ccccc2)cc1
-0.223574273,0.211380765,0.871990535,77.47302318,0.25272761325366133,c1ccc(P(C2CCCCC2)C2CCCCC2)c(C2CCCCC2)c1
-0.218920404,0.200165608,0.852852021,87.47559686,-1.3194066420978388,CC(C)(C)P(c1ccccc1C1CCCCC1)C(C)(C)C
-0.218919648,0.197669059,0.800843588,111.7595052,-1.5208744074848326,CC(C)c1cccc(C(C)C)c1-c1ccccc1P(C(C)(C)C)C(C)(C)C
-0.20568,0.209853333,0.855550542,63.15590666,-3.1371173405737878,CN(C)c1ccc(P(C(C)(C)C)C(C)(C)C)cc1
-0.198237043,0.187726911,0.891096511,44.97546008,-6.094656801863124,Cc1ccc(N2CN(c3ccc(C)cc3)CP(c3ccccc3)C2)cc1
-0.203558841,0.184579741,0.936685691,47.97035312,-4.872157239156849,c1ccc(N2CN(c3ccccc3)CP(c3ccccc3)C2)cc1
-0.230071016,0.219420952,0.926518015,49.44275126,1.7894243940407009,c1ccc(P(c2ccccc2)c2ccccn2)cc1
-0.233588754,0.212290164,0.938315613,48.84236552,1.8624349948665113,Nc1nnc(P(c2ccccc2)c2ccccc2)s1
-0.225639998,0.232173471,0.924693828,50.66872936,2.195375459214141,c1c[se]c(P(c2ccc[se]2)c2ccc[se]2)c1
-0.232745475,0.204489795,0.921721879,48.88541012,0.8769845197416757,C[C@@H]1C[C@H](P(c2ccccc2)c2ccccc2)OB(c2ccccc2)O1
-0.246514048,0.188710181,0.872045133,54.18044727,1.09223617134203,CC(C)P(c1ccc(C#N)cc1)C(C)C
-0.233374396,0.214551279,0.925633138,48.95418702,1.8494346004240683,c1ccc(P(c2ccccn2)c2ccccn2)cc1
-0.240718323,0.192711138,0.9458219,42.98290025,1.2354364744697435,O=C1CCP(c2ccccc2)CC1
-0.242073971,0.189698225,0.86822112,60.40019006,0.6490465027522632,CC1(C)CC(=O)CC(C)(C)P1c1ccccc1
-0.234776664,0.21482164,0.899393244,66.04770445,2.2193657507578237,Clc1ccccc1P(c1ccccc1)c1ccccc1Cl
-0.23135338,0.164744639,0.932772592,60.91980513,-2.092582987841027,c1ccc(OCP(COc2ccccc2)COc2ccccc2)cc1
-0.214683264,0.234857074,0.910848671,59.05598842,0.8615559073061192,COc1ccccc1P(c1ccccc1)c1ccccc1OC
-0.242291852,0.209236177,0.933251009,50.77766833,2.879019885901293,Fc1ccc(P(c2cccc(F)c2)c2cccc(F)c2)cc1
-0.215346968,0.231567374,0.931417079,50.74751965,0.725249709329411,COc1ccc(P(c2ccccc2)c2ccc(OC)cc2)cc1
-0.28292,0.170263333,0.938842943,50.49418491,5.720006901172233,FC(F)(F)c1cc(P(c2cc(C(F)(F)F)cc(C(F)(F)F)c2)c2cc(C(F)(F)F)cc(C(F)(F)F)c2)cc(C(F)(F)F)c1
-0.245448266,0.205823549,0.933910214,50.65119573,3.068163415421843,Clc1cccc(P(c2cccc(Cl)c2)c2cccc(Cl)c2)c1
-0.26399,0.175686667,0.922768526,59.73998205,3.433903972205762,Fc1c(F)c(F)c(P(c2ccccc2)c2c(F)c(F)c(F)c(F)c2F)c(F)c1F
-0.278293556,0.119187339,0.951515952,102.6235293,2.5255714775931537,CC(=O)O[C@H](P([C@@H](OC(C)=O)C(Cl)(Cl)Cl)[C@@H](OC(C)=O)C(Cl)(Cl)Cl)C(Cl)(Cl)Cl
-0.227031601,0.216216039,0.929847164,50.00742116,1.1407238144905207,c1csc(P(c2cccs2)c2cccs2)c1
-0.232944916,0.217025243,0.839339859,107.0608905,2.5097555494799124,COC(=O)C(=C(\C(=O)OC)c1ccccc1)/C(C(=O)OC)=C(/C(=O)OC)P(c1ccccc1)c1ccccc1
-0.228205058,0.20502997,0.926457761,59.83039077,0.6337244439836596,CCCCCCCCP(CCCCCCCC)CCCCCCCC
-0.221578348,0.220431537,0.933303476,49.31675347,0.7114879885793997,C[Si](C)(C)c1ccc(P(c2ccc([Si](C)(C)C)s2)c2ccc([Si](C)(C)C)s2)s1
-0.235629208,0.208711439,0.906143171,54.06746957,1.5878255753914416,CCCP(CCC)c1ccccc1
-0.225007985,0.227375389,0.932511227,50.64383233,1.8130258130250994,Cc1cccc(P(c2ccccc2)c2cccc(C)c2)c1
-0.22115,0.171293333,0.990662538,38.30939568,-2.931203036140566,C1N2CN3CN1CP(C2)C3
-0.212884851,0.177599578,0.931873435,42.12228811,-4.30763548170372,Brc1ccc(N2CN(c3ccc(Br)cc3)CP(c3ccccc3)C2)cc1
-0.215261243,0.233612658,0.93440012,50.53083776,0.9142418714064533,COc1c(C)cc(P(c2cc(C)c(OC)c(C)c2)c2cc(C)c(OC)c(C)c2)cc1C
-0.223849887,0.22442018,0.931361395,50.30323999,1.3750603701007051,COc1cccc(P(c2cccc(OC)c2)c2cccc(OC)c2)c1
-0.210624497,0.230630076,0.870378427,92.39709738,0.33820440091243853,COc1ccc2ccccc2c1-c1c(P(c2ccccc2)c2ccccc2)ccc2ccccc12
-0.241196851,0.180871263,0.90292641,47.36967412,-0.11471966872652217,C=CCP(CC=C)CC=C
-0.228665549,0.204019832,0.914275576,70.99871865,0.7776789700449953,CC(C)CP(CC(C)C)CC(C)C
-0.218292271,0.22886619,0.891148473,70.08970723,0.9548317351597362,c1ccc2c(P(c3cccc4ccccc34)c3cccc4ccccc34)cccc2c1
-0.235322097,0.226055742,0.923327416,47.17598864,2.9973024625305627,C=CP(C=C)c1ccccc1
-0.236470098,0.216801609,0.929856669,50.71486221,2.59665414457303,O=C(O)c1ccc(P(c2ccccc2)c2ccccc2)cc1
-0.232076386,0.155513966,0.879554915,50.22744795,-3.766951259544342,O=C(Nc1ccccc1)P(C(=O)Nc1ccccc1)C12CC3CC(CC(C3)C1)C2
-0.232435495,0.219500251,0.901599501,59.08850928,2.0876671171666388,Brc1ccccc1P(c1ccccc1)c1ccccc1
-0.216591946,0.231219045,0.932100107,50.68965793,0.8871603394664547,CC(C)(C)Oc1ccc(P(c2ccc(OC(C)(C)C)cc2)c2ccc(OC(C)(C)C)cc2)cc1
-0.209144856,0.224652068,0.897298991,56.49513527,-1.0456730867454311,c1ccc(P(c2ccccc2)c2ccc3ccc4cccc5ccc2c3c45)cc1
-0.209482278,0.216689384,0.859960409,108.9194834,-0.6359632968792042,CN(C)c1ccccc1-c1ccccc1P(C1CCCCC1)C1CCCCC1
-0.217661381,0.198881858,0.924080633,43.78521021,-1.9159621183389746,c1ccc(CN2CN(Cc3ccccc3)CP(c3ccccc3)C2)cc1
-0.248425127,0.183635199,0.955221681,42.82904025,1.7452971048712769,c1ccc(B2OCP(c3ccccc3)CO2)cc1
-0.226968213,0.226289617,0.899355238,56.98763798,1.7502835601258013,Cc1ccccc1P(c1ccccc1)c1ccccc1
-0.232269971,0.219405612,0.897402461,58.06780894,1.9697439622578585,Clc1ccccc1P(c1ccccc1)c1ccccc1
-0.208010801,0.238831407,0.852733328,99.87787815,0.60620449029593,C(=C\P(/C=C\c1cccs1)/C=C\c1cccs1)\c1cccs1
-0.220912585,0.197472006,0.864880146,51.28679504,-2.131695856326303,S=C(Nc1ccccc1)P(c1ccccc1)c1ccccc1
-0.221949918,0.192029691,0.829949895,68.33504945,-2.402076953178792,CC(C)CP(C(C)(C)C)C(C)(C)C
-0.22319,0.226696667,0.931673477,50.77553326,1.4826812774505456,Oc1ccc(P(c2ccccc2)c2ccccc2)cc1
-0.213989088,0.200243666,0.862369693,104.9834229,-1.4042370000000517,CC(C)(C)P(c1ccc2ccccc2c1-c1cccc2ccccc12)C(C)(C)C
-0.220462128,0.212752363,0.86943677,92.07343238,0.2953788972371072,Cc1ccccc1-c1ccccc1P(C1CCCCC1)C1CCCCC1
-0.210324041,0.231352088,0.86162919,95.67464492,0.33053110561002796,CN(C)c1ccccc1-c1ccccc1P(c1ccccc1)c1ccccc1
-0.228241446,0.223372029,0.932251833,50.64848697,1.9564838712034955,Oc1cccc(P(c2ccccc2)c2ccccc2)c1
-0.217568816,0.199260541,0.788422155,100.4691049,-2.081789843976935,Cc1ccccc1-c1ccccc1P(C(C)(C)C)C(C)(C)C
-0.210907798,0.205237349,0.760924213,115.149328,-2.5154550892211276,CN(C)c1ccccc1-c1ccccc1P(C(C)(C)C)C(C)(C)C
-0.232150327,0.21940911,0.904904377,57.95390669,2.049855626900573,Oc1ccccc1P(c1ccccc1)c1ccccc1
-0.228368919,0.221046022,0.926891039,49.46004982,1.6780812044874054,Cc1cccc(P(c2ccccc2)c2ccccc2)n1
-0.215376715,0.203290185,0.822810826,66.15853089,-2.603060783799613,CC(C)(C)P(C(C)(C)C)C12C3C4C5C1[Fe]45321678C2C1C6C7C28
-0.219950805,0.213517065,0.838785214,73.84378171,-0.6551756623452931,Cc1cc(C)c(P(C2CCCCC2)C2CCCCC2)c(C)c1
-0.224118798,0.210751694,0.868839275,80.57245826,0.3283991607781118,c1ccc(P(C2CCCCC2)C2CCCCC2)c(C2OCCO2)c1
-0.233579723,0.21941164,0.930520699,50.64400031,2.3928243772532554,C[Si](C)(C)CCOC(=O)c1ccc(P(c2ccccc2)c2ccccc2)cc1
-0.258577228,0.175184848,0.907785043,56.51137634,2.3027234729567922,FC(F)(F)C(F)(F)P(c1ccccc1)c1ccccc1
-0.221749427,0.21261958,0.871381622,82.2266669,0.21531232926015065,CC1(c2ccccc2P(C2CCCCC2)C2CCCCC2)OCCO1
-0.203479813,0.198398462,0.692052348,132.9316312,-4.579101919075569,Cc1c(C)c(C)c(P(C(C)(C)C)C(C)(C)C)c(-c2c(C(C)C)cc(C(C)C)cc2C(C)C)c1C
-0.227394973,0.197310899,0.869807198,102.9989518,0.3681046558396375,CC(C)(C)P(c1ccnn1-c1c(-c2ccccc2)nn(-c2ccccc2)c1-c1ccccc1)C(C)(C)C
-0.226649179,0.200366917,0.877309414,78.2388257,-0.10544115796687947,CC[C@H]1CC[C@H](CC)P1c1ccccc1C1OCCO1
-0.239086621,0.213243442,0.883561804,62.89331057,2.4197295779645103,COC(=O)c1ccc(C(=O)Oc2c(F)c(F)c(F)c(F)c2F)cc1P(c1ccccc1)c1ccccc1
-0.218320658,0.196261641,0.863003013,115.5472081,-0.7805653506920294,CC(C)(C)P(c1ccccc1-n1nc(-c2ccccc2)cc1-c1ccccc1)C(C)(C)C
-0.215363193,0.199241273,0.865579396,93.89417579,-1.5618127122419239,CC(C)(C)P(c1cc2ccccc2n1-c1ccccc1)C(C)(C)C
-0.22878,0.194413333,0.936801411,52.2669933,-0.23250916374821173,c1ccc(P2Cc3cccc4c3C3(CC4)CCc4cccc(c43)C2)cc1
-0.219193117,0.205511838,0.864290848,93.13465705,-0.5236280347535498,CC(C)(C)P(c1cccn1-c1ccccc1)C(C)(C)C
-0.233962167,0.219061693,0.930592827,50.66830866,2.4219962508232484,CCOC(=O)c1ccc(P(c2ccccc2)c2ccccc2)cc1
-0.226580251,0.204091555,0.881794708,68.84313652,-0.021227733169851604,Brc1ccccc1P(C1CCCCC1)C1CCCCC1
-0.215782894,0.216539221,0.870764563,98.64110287,0.12587927200853954,COc1ccccc1-c1ccccc1P(C1CCCCC1)C1CCCCC1
-0.213411194,0.204003206,0.914911235,69.73464191,-1.4938377391857713,C1=Cc2ccccc2C(P(c2ccccc2)c2ccccc2)c2ccccc21
-0.217150367,0.212712569,0.834727453,79.9277677,-1.0114959463253683,CC(C)c1cc(C(C)C)c(P(C2CCCCC2)C2CCCCC2)c(C(C)C)c1
-0.23146869,0.21830953,0.925345143,49.64875862,1.8938804462538386,Oc1cccc(P(c2ccccc2)c2ccccc2)n1
-0.212088635,0.213847189,0.747593104,97.45471618,-2.3256561445830997,c1ccc(-c2ccccc2P(C23CC4CC(CC(C4)C2)C3)C23CC4CC(CC(C4)C2)C3)cc1
-0.227121132,0.200102595,0.896098435,70.48058818,-0.02969575926876189,C[C@@H]1CC[C@@H](C)P1c1ccccc1C1OCCO1
-0.220917523,0.210202881,0.878793906,82.98971302,0.016295120200773283,Cc1cc(C)c(-n2ccnc2P(C2CCCCC2)C2CCCCC2)c(C)c1
-0.214241013,0.210101402,0.868185946,100.569869,-0.607848557134524,COc1ccccc1-n1cccc1P(C(C)(C)C)C(C)(C)C
-0.210846355,0.221498382,0.867773975,92.01542928,-0.4244051819721193,COc1ccccc1-n1cccc1P(C1CCCCC1)C1CCCCC1
-0.229448687,0.219743627,0.930546984,49.67987452,1.7853594391800343,CCC(C)(C)c1cccc(P(c2ccccc2)c2ccccc2)n1
-0.213046504,0.209150126,0.871058648,82.4593945,-1.3461591845201113,c1ccc(-n2c(P(C3CCCCC3)C3CCCCC3)cc3ccccc32)cc1
-0.21852441,0.210474231,0.83416329,80.28115218,-0.9905448334970757,CC(C)c1cccc(C(C)C)c1P(C1CCCCC1)C1CCCCC1
-0.206657916,0.221528454,0.843609069,102.2226399,-1.0670455582708556,COc1cc(OC)c(-c2ccccc2P(C2CCCCC2)C2CCCCC2)c(OC)c1
-0.228344152,0.208937333,0.876798269,99.40352117,1.451503402973266,O=C(c1ccccc1)c1ccccc1P(C1CCCCC1)C1CCCCC1
-0.21769684,0.199649188,0.855665899,92.27530425,-1.365178388988646,CC1(c2ccccc2P(C(C)(C)C)C(C)(C)C)OCCO1
-0.226622067,0.195812928,0.871166581,92.82478674,-0.14410977389392343,CC(C)(C)P(c1ccnn1-c1cccc2ccccc12)C(C)(C)C
-0.220110101,0.213135479,0.842143509,104.6768749,0.27283907153952924,CC(C)c1ccccc1-c1ccccc1P(C1CCCCC1)C1CCCCC1
-0.23816614,0.186254673,0.917976365,54.10203515,0.27803868066076376,C[C@]12C[C@@]3(C)O[C@](C)(C[C@@](C)(O1)O3)P2c1ccccc1
-0.213878254,0.219560613,0.876969128,82.71530349,-0.2830184594868612,COc1ccccc1C1=C(P(C2CCCCC2)C2CCCCC2)[C@H]2c3ccccc3[C@@H]1c1ccccc12
-0.228504394,0.210371128,0.884110023,99.24659754,1.6863106815363054,c1ccc(-c2nn(-c3ccccc3)c(-c3ccccc3)c2-n2nccc2P(C2CCCCC2)C2CCCCC2)cc1
-0.225081859,0.213422279,0.86930374,54.92177866,-0.04579469362509059,CC(C)c1ccc(P(C2CCCCC2)C2CCCCC2)cc1
-0.206494392,0.207932143,0.877394178,92.14167994,-2.0443698124011505,Cn1c(-c2ccccc2P(C2CCCCC2)C2CCCCC2)cc2ccccc21
-0.213995678,0.201924418,0.864343786,99.52980011,-1.3964338947142352,CC(C)(C)P(C(C)(C)C)C12C3C4C5C1[Fe]45321678C2(c3ccccc3)C1(c1ccccc1)C6(c1ccccc1)C7(c1ccccc1)C28c1ccccc1
-0.219400288,0.1972966,0.915267928,44.98957902,-1.8739349882701717,c1ccc(P2C34C5C6C7C3[Fe]6754389%10C4C3C8C29C4%10)cc1
-0.206003762,0.219582547,0.868747292,106.5614467,-0.8600552926784459,COc1cc(OC)c(-c2c(P(C3CCCCC3)C3CCCCC3)cc3ccccc3c2OC)c(OC)c1
-0.216503041,0.208854775,0.883556361,100.3531803,-0.17758345332539704,CC(C)N(C(=O)n1c(P(C2CCCCC2)C2CCCCC2)cc2ccccc21)C(C)C
-0.213067053,0.199565296,0.876820155,101.1726844,-1.5115459809110448,CC(C)P(c1ccccc1-n1c2ccccc2c2ccccc21)C(C)C
-0.227813545,0.223873551,0.883799349,68.87384019,1.8109054234368287,CCOC(=O)c1ccccc1P(c1ccccc1)c1ccccc1
-0.213277252,0.207710393,0.856165301,99.72147891,-1.1315530468066584,c1ccc(P(C2CCCCC2)C2CCCCC2)c(-n2c3ccccc3c3ccccc32)c1
-0.20216772,0.217216141,0.795812908,100.3914446,-2.775346763156854,c1ccc(P(C23CC4CC(CC(C4)C2)C3)C23CC4CC(CC(C4)C2)C3)c(N2CCCCC2)c1
-0.242459792,0.163259699,0.968045746,39.19321421,-0.7361783122963459,CC(=O)N1CN2CN(C(C)=O)CP(C2)C1
-0.224014266,0.21134627,0.867041034,103.7814809,1.0082338146905911,c1ccc(-c2nn(-c3ccccc3)c(-c3ccccc3)c2-n2nccc2P(C23CC4CC(CC(C4)C2)C3)C23CC4CC(CC(C4)C2)C3)cc1
-0.208946428,0.217760664,0.872429986,101.4992266,-0.6738309819382735,COc1ccc2ccccc2c1-c1ccccc1P(C1CCCCC1)C1CCCCC1
-0.214966319,0.209971547,0.870201622,55.4805502,-1.7875557133109155,CC(P(c1ccccc1)c1ccccc1)C12C3C4C5C1[Fe]45321678C2C1C6C7C28
-0.221781885,0.226485952,0.879478878,72.18225747,1.176272827351859,Cc1ccccc1-c1ccccc1P(c1ccccc1)c1ccccc1
-0.211240031,0.190815644,0.899214961,93.37571974,-2.422631805537897,C1=Cc2ccccc2C(P(c2ccccc2)C2c3ccccc3C=Cc3ccccc32)c2ccccc21
-0.229785727,0.189787365,0.865253089,60.27862466,-1.1931825756121768,O=C(c1cccc2ccccc12)P(C1CCCCC1)C1CCCCC1
-0.22538005,0.187976644,0.811543625,66.73069013,-2.523868703330642,O=C(c1ccccc1)P(C12CC3CC(CC(C3)C1)C2)C12CC3CC(CC(C3)C1)C2
-0.203905305,0.214967839,0.733741825,120.6307758,-2.952867252913414,COc1ccc(OC)c(P(C23CC4CC(CC(C4)C2)C3)C23CC4CC(CC(C4)C2)C3)c1-c1c(C(C)C)cc(C(C)C)cc1C(C)C
-0.223952022,0.188276312,0.811287263,67.88884996,-2.6791603699054676,O=C(c1cccc2ccccc12)P(C12CC3CC(CC(C3)C1)C2)C12CC3CC(CC(C3)C1)C2
-0.213406401,0.217357226,0.796714696,118.3222072,-0.5816917151751397,CC(C)[Si](Oc1ccccc1P(C12CC3CC(CC(C3)C1)C2)C12CC3CC(CC(C3)C1)C2)(C(C)C)C(C)C
-0.208877342,0.219893184,0.77499677,115.3701136,-1.4161481900051953,CN(C)c1ccccc1-c1ccccc1P(C12CC3CC(CC(C3)C1)C2)C12CC3CC(CC(C3)C1)C2
-0.206593109,0.218927955,0.910169074,49.50673811,-1.9195384689672963,CCP(CC)c1ccc(N(C)C)cc1
-0.216337047,0.214065194,0.890865411,88.44656049,-0.02037410537130313,c1ccc(C2=C(P(C3CCCCC3)C3CCCCC3)c3ccccc3C2)cc1
-0.218786958,0.204908526,0.879381749,69.40174074,-1.1159467302991573,COc1cccc(OC)c1Cc1ccccc1CP(C1CCCCC1)C1CCCCC1
-0.222123388,0.223798276,0.932095093,50.56219343,1.0875954782207415,c1ccc2cc(P(c3ccc4ccccc4c3)c3ccc4ccccc4c3)ccc2c1
-0.248562719,0.149681093,0.918653423,61.83812926,-0.9619856962277211,O=C(c1ccccc1)P(C(=O)c1ccccc1)C(=O)c1ccccc1
-0.224199037,0.186592886,0.8404243,60.89741359,-2.591851061083716,C/C=C/CP(C(C)(C)C)C(C)(C)C
-0.22307552,0.186794415,0.841822339,64.12431572,-2.628458405006363,CC(C)=CCP(C(C)(C)C)C(C)(C)C
-0.217819956,0.208051798,0.867359818,106.5121984,-0.08936558084105428,COc1ccc(OC)c(P(c2cc(C(F)(F)F)cc(C(F)(F)F)c2)c2cc(C(F)(F)F)cc(C(F)(F)F)c2)c1-c1c(N(C)C)cccc1N(C)C
-0.226427825,0.208669299,0.876905618,100.5203375,1.1815483238651652,COc1ccc(OC)c(P(c2cc(C(F)(F)F)cc(C(F)(F)F)c2)c2cc(C(F)(F)F)cc(C(F)(F)F)c2)c1-c1c(OC(C)C)cccc1OC(C)C
-0.207012594,0.220610039,0.80582952,108.2567493,-1.4230603644038027,CN(C)c1cccc(N(C)C)c1-c1ccccc1P(c1ccccc1)C(C)(C)C
-0.215265439,0.214775305,0.933458177,50.60327332,-0.6412482028875317,c1ccc(P(c2ccc(-n3c4ccccc4c4ccccc43)cc2)c2ccc(-n3c4ccccc4c4ccccc43)cc2)cc1
-0.213518546,0.21924627,0.835506946,106.3091179,-0.23657389982267318,COc1cc(C(C)(C)C)cc(C(C)(C)C)c1-c1ccccc1P(C1CCCCC1)C1CCCCC1
-0.206549974,0.215065281,0.738750037,132.1936506,-2.154843695180382,CCCCc1c(F)c(F)c(c(c1F)F)c1c(cc(c(c1C(C)C)c1cccc(c1P(C12CC3CC(C2)CC(C1)C3)C12CC3CC(C2)CC(C1)C3)OC)C(C)C)C(C)C
-0.218676062,0.201217127,0.947642769,104.610358,0.4984267490749872,COc1cccc(OC)c1-c1cccc2c1P(C(C)(C)C)[C@@H](Cc1c(C(C)C)cc(C(C)C)cc1C(C)C)O2
-0.206899632,0.213421232,0.800020055,98.73359224,-2.3826126270392294,c1ccc(P(C23CC4CC(CC(C4)C2)C3)C23CC4CC(CC(C4)C2)C3)c(N2CCOCC2)c1
-0.235867644,0.222558404,0.875504608,63.36623998,2.616364714118383,C[C@]12CO[C@]3(P(c4ccccc4)c4ccccc4)C[C@H]1CC[C@]23C
-0.212646457,0.21623957,0.849045014,108.2793758,-0.3727980067055796,CC(C)Oc1cccc(-c2c(C(C)C)cc(C(C)C)cc2C(C)C)c1P(C1CCCCC1)C1CCCCC1
-0.230684194,0.202677012,0.932342401,46.01936496,0.48503081541783644,CP(C)C1CCCCC1
-0.231451373,0.222296239,0.943830502,48.59332882,2.4360775476823235,c1cc(P(c2ccsc2)c2ccsc2)cs1
-0.257266656,0.195519871,0.934697155,50.5931243,3.968787053067551,FC(F)(F)c1cccc(P(c2cccc(C(F)(F)F)c2)c2cccc(C(F)(F)F)c2)c1
-0.228751816,0.221424854,0.932614804,50.11072458,1.8610753653394951,c1ccc(P(c2ccccc2)c2cccs2)cc1
-0.228824152,0.219088806,0.924368649,50.02557973,1.5668894019797577,c1ccc(P(c2cccs2)c2cccs2)cc1
-0.229416602,0.221887348,0.931800293,49.24527673,1.9607974330286098,c1ccc(P(c2ccccc2)c2ccco2)cc1
-0.231457726,0.221088546,0.925600444,48.32498479,2.085460469269627,c1ccc(P(c2ccco2)c2ccco2)cc1
-0.233011225,0.228056706,0.94710846,47.68299434,3.155683939484682,c1cc(P(c2ccoc2)c2ccoc2)co1
-0.212411973,0.229031545,0.908195245,55.74555072,-0.08152269539793622,Cn1cccc1P(c1ccccc1)c1ccccc1
-0.222795276,0.225198102,0.875431282,69.69336523,1.0933199182710425,c1ccc(-c2ccc(-c3ccccc3P(c3ccccc3)c3ccccc3)cc2)cc1
-0.1935,0.243396667,0.930349446,50.75566107,-1.529463663845064,CN(C)c1ccc(P(c2ccccc2)c2ccc(N(C)C)cc2)cc1
-0.224916119,0.228923216,0.864105508,64.05914428,1.39587375018818,Cc1ccccc1P(c1ccccc1)c1ccccc1C
-0.248134505,0.161682612,1.280332819,40.20767089,4.189796451003183,c1ccc(P2CC2)cc1
-0.228890679,0.188372227,0.910018544,41.58719177,-1.379976308361961,c1ccc(P2CCC2)cc1
-0.228731505,0.197731584,0.960574812,42.11185777,0.05833519332003334,c1ccc(P2CCCC2)cc1
-0.226434063,0.207226094,0.940508305,44.13565349,0.28875522148643284,c1ccc(P2CCCCC2)cc1
-0.238923905,0.183876604,0.933964568,45.03222582,0.14687631706348014,Cc1ccc(S(=O)(=O)N2C[C@@H]3C[C@H]2C[P@@]3c2ccccc2)cc1
-0.238563551,0.182081729,0.962383102,50.0624225,0.47345122974882514,Cc1ccc(S(=O)(=O)N2C[C@@H]3C[C@H]2C[P@]3c2ccccc2)cc1
-0.224911186,0.185508219,0.953855586,49.22604147,-1.3907423108321737,COc1ccc([P@@]2C[C@@H]3C[C@H]2CN3S(=O)(=O)c2ccc(C)cc2)cc1
-0.228784553,0.187917135,0.936832709,45.40231416,-0.9627499877199384,COc1ccc([P@]2C[C@@H]3C[C@H]2CN3S(=O)(=O)c2ccc(C)cc2)cc1
-0.241952068,0.177484271,0.954388689,50.09611475,0.4879645288345742,Cc1ccc(S(=O)(=O)N2C[C@@H]3C[C@H]2C[P@]3c2ccc(F)cc2)cc1
-0.241618681,0.179942442,0.936477734,45.09185878,0.25563888150438885,Cc1ccc(S(=O)(=O)N2C[C@@H]3C[C@H]2C[P@@]3c2ccc(F)cc2)cc1
-0.226876395,0.181469116,0.924468018,49.08681978,-1.8317878424033935,Cc1ccc(S(=O)(=O)N2C[C@@H]3C[C@H]2C[P@@]3c2cccc3ccccc23)cc1
-0.229347644,0.181779895,0.954589035,60.4951251,-0.7091166425375945,Cc1ccc(S(=O)(=O)N2C[C@@H]3C[C@H]2C[P@]3c2cccc3ccccc23)cc1
-0.229437852,0.182630042,0.92900687,44.12671851,-1.4424209308788676,Cc1ccc(S(=O)(=O)N2C[C@@H]3C[C@H]2C[P@@]3c2ccc3ccccc3c2)cc1
-0.230525231,0.181950103,0.952163423,50.13324073,-0.8539990277873741,Cc1ccc(S(=O)(=O)N2C[C@@H]3C[C@H]2C[P@]3c2ccc3ccccc3c2)cc1
-0.220977442,0.192813325,0.934710297,44.04210579,-1.7763489248333215,c1ccc(CN2C[C@@H]3C[C@H]2C[P@@]3c2ccccc2)cc1
-0.224730958,0.191530925,0.960351247,44.34699489,-0.9768571374842878,c1ccc(CN2C[C@@H]3C[C@H]2C[P@]3c2ccccc2)cc1
-0.34575,0.066016667,0.963748365,48.03630897,6.665220811141786,FC(F)(F)P(C(F)(F)F)C(F)(F)F
-0.207578465,0.236044759,0.933234338,50.92277184,-0.01978991222626547,c1cc2c(cc1P(c1ccc3c(c1)OCCO3)c1ccc3c(c1)OCCO3)OCCO2
-0.22604,0.255956667,0.921028255,41.36239137,3.887435804599072,C(#CP(C#Cc1ccccc1)C#Cc1ccccc1)c1ccccc1
-0.224442541,0.244555982,0.93001109,44.74568611,2.9355671617437267,C(#CP(C#Cc1ccccc1)c1ccccc1)c1ccccc1
-0.22637,0.234676667,0.936063867,47.24142143,2.56165878402512,C(#CP(c1ccccc1)c1ccccc1)c1ccccc1
-0.2121,0.187623333,0.825155381,65.48513632,-4.358097178968329,CC(C)(C)P(C12CC3CC(CC(C3)C1)C2)C12CC3CC(CC(C3)C1)C2
-0.232021154,0.198995427,0.93219942,50.03417549,0.49355616571211414,C[C@H]1CC[C@H](C)P1c1ccccc1
-0.22994,0.19382,0.935396775,44.33066878,-0.3588389126054494,c1ccc(P2C3CCC2CC3)cc1
-0.228017285,0.224843693,0.882682926,60.66315928,1.6682407977517428,COCc1ccccc1P(c1ccccc1)c1ccccc1
-0.196873114,0.184875988,0.89774867,49.81224556,-6.300005841980074,Cc1ccc(NCP(CNc2ccc(C)cc2)c2ccccc2)cc1
-0.214393391,0.223936337,0.872739964,84.51084517,0.14682260624054067,Oc1ccc2ccccc2c1-c1c(P(c2ccccc2)c2ccccc2)ccc2ccccc12
-0.231536341,0.192329274,0.85833724,62.94671165,-0.7430594238809576,CC(C)(C)P(c1cccc(C(=O)O)c1)C(C)(C)C
-0.24288892,0.188078438,0.914639823,65.20623278,1.3978867016880443,CC(C)C1OB(c2ccccc2)OC(C(C)C)P1c1ccccc1
-0.223284016,0.227998004,0.923813568,48.57430295,1.4341667352425063,C(=C/P(c1ccccc1)c1ccccc1)\c1ccccc1
-0.18395,0.251036667,0.931655208,50.70336584,-2.290312937010377,CN(C)c1ccc(P(c2ccc(N(C)C)cc2)c2ccc(N(C)C)cc2)cc1
-0.233938135,0.208730865,0.90633684,56.30530192,1.408111904612376,CCCCCP(CCCCC)c1ccccc1
-0.263381855,0.177357449,0.891113792,54.32245197,2.9001608663218335,N#CCCP(CCC#N)c1ccccc1
-0.220067201,0.22890568,0.883364227,86.78199867,1.5967421194655245,c1ccc(P(c2ccccc2)c2ccc3ccccc3c2-c2nccc3ccccc23)cc1
-0.229734296,0.215563804,0.897162435,57.33759048,1.257507676928448,CCO[Si](CCP(c1ccccc1)c1ccccc1)(OCC)OCC
-0.246674147,0.184947512,0.923066068,43.78098415,1.1914659408856565,OCP(CO)c1ccccc1
-0.228895785,0.215894032,0.903992302,50.52726237,1.0562697550405815,CCCCP(c1ccccc1)c1ccccc1
-0.239504937,0.193915217,0.910984153,49.70661164,0.8824976510942761,C=CCP(CC=C)c1ccccc1
-0.228866275,0.215620136,0.904686774,50.08665946,1.0260520792817474,CCCP(c1ccccc1)c1ccccc1
-0.228080054,0.221364274,0.921438557,58.09530556,1.8380326700797482,Cn1ccnc1P(c1ccccc1)c1ccccc1
-0.227032029,0.20386057,0.929417378,63.98582615,0.5251473182065141,CCCCCCP(CCCCCC)CCCCCC
-0.227325426,0.212888728,0.865811622,71.54643115,0.6736426952681498,CC(C)[C@@H]1CC[C@@H](C)C[C@@H]1P(c1ccccc1)c1ccccc1
-0.209737759,0.231148354,0.871335032,97.78472858,0.4188906495452116,CC(C)Oc1ccc2ccccc2c1-c1c(P(c2ccccc2)c2ccccc2)ccc2ccccc12
-0.221972645,0.223162566,0.912743698,57.93782688,0.9666147361331738,Cc1nc2ccccn2c1P(c1ccccc1)c1ccccc1
-0.227889027,0.219954081,0.951635617,49.23856922,1.843711307107263,c1ccc(P2c3ccccc3Oc3ccccc32)cc1
-0.25424,0.19601,0.91774517,54.80854161,3.4583653783306616,Fc1nc(F)c(F)c(P(c2ccccc2)c2ccccc2)c1F
-0.225772934,0.221139145,0.952597069,47.43390149,1.5906740316990167,CC(C)(C)c1ccc2c(c1)P(c1ccccc1)c1ccccc1O2
-0.2322785,0.220024989,0.9286239,50.6543675,2.2267255890707744,FC(F)(F)C(F)(F)C(F)(F)C(F)(F)C(F)(F)C(F)(F)C(F)(F)C(F)(F)CCc1ccc(P(c2ccccc2)c2ccccc2)cc1
-0.238641903,0.213969493,0.932689437,50.36020523,2.7112882297329364,FC(F)(F)C(F)(F)C(F)(F)C(Cc1ccc(P(c2ccccc2)c2ccc(CC(C(F)(F)F)(C(F)(F)F)C(F)(F)C(F)(F)C(F)(F)F)cc2)cc1)(C(F)(F)F)C(F)(F)F
-0.242355747,0.21048622,0.932652311,50.68267245,2.9801930628118427,O=S(=O)(O)c1cccc(P(c2ccccc2)c2ccccc2)c1
-0.233031414,0.217264475,0.911155046,59.13370183,2.121392642662478,CC12CCC3C(P(c4ccccc4)c4ccccc4)(OCC31C)C2=O
-0.218030442,0.187301431,0.83395918,63.91166682,-3.440104989192669,CC(C)P(C(C)(C)C)C(C)(C)C
-0.233304572,0.190180701,0.858792064,62.92437311,-0.6539806285078456,CC(C)(C)P(c1ccc(C(=O)O)cc1)C(C)(C)C
-0.245053496,0.198183669,0.898121162,48.99527829,1.8550515076086,CCP(CC)c1ccc(C(=O)O)cc1
-0.238642623,0.214520358,0.928211854,50.76439776,2.708164506330668,O=Cc1ccc(P(c2ccccc2)c2ccccc2)cc1
-0.23116,0.216683333,0.918351736,48.98808221,1.602118664752048,c1ccc(P(c2ccccc2)c2ncccn2)cc1
-0.240411068,0.186896474,0.912437506,47.29579819,0.38967177096738936,CCOC(=O)CP(CC)CC
-0.22983,0.197643333,0.935279422,47.26966086,0.022025190886061807,CP(C)C(C)(C)C
-0.231233187,0.199742788,0.930100393,47.43569982,0.33580451097660813,CCCCNC(=O)P(c1ccccc1)c1ccccc1
-0.274072054,0.177928137,0.930956973,51.53392089,4.972550644307212,CP(c1ccccc1)c1nc(C#N)c(C#N)nc1Cl
-0.23773905,0.211982853,0.928857763,49.34369884,2.334780565141223,c1ccc(P(c2ccccc2)c2cccnn2)cc1
-0.188686,0.232988482,0.915568824,48.9920985,-3.3403739065779945,CN(C)/N=C/c1ccc(P(c2ccc(/C=N/N(C)C)o2)c2ccc(/C=N/N(C)C)o2)o1
-0.188566487,0.23228431,0.924123306,50.71745348,-3.251036646742044,CN(C)/N=C/c1ccc(P(c2ccc(/C=N/N(C)C)s2)c2ccc(/C=N/N(C)C)s2)s1
-0.204363117,0.216376775,0.778410702,84.08357133,-3.2262876523631334,CN(C)c1ccccc1P(C12CC3CC(CC(C3)C1)C2)C12CC3CC(CC(C3)C1)C2
-0.224348823,0.199829964,0.876265574,94.99600875,-0.017478744618586006,CC(C)P(c1ccccc1-c1nc2ccccc2n1C)C(C)C
-0.22278182,0.206786814,0.871028331,96.15885728,0.28628167109093994,Cn1c(-c2ccccc2P(C2CCCCC2)C2CCCCC2)nc2ccccc21
-0.220028356,0.230279685,0.873551609,83.93174758,1.4896976669323507,COc1ccccc1-c1ccccc1P(c1ccccc1)c1ccccc1
-0.223466717,0.224124694,0.889755479,70.44735574,1.3180055284562329,Cn1c(-c2ccccc2P(c2ccccc2)c2ccccc2)nc2ccccc21
-0.207196694,0.202184733,0.79354288,84.06887777,-3.77151268299432,CN(C)c1ccccc1P(C(C)(C)C)C(C)(C)C
-0.205935292,0.197598134,0.713899843,131.2194835,-4.040046882527669,COc1c(C)c(C)c(-c2c(C(C)C)cc(C(C)C)cc2C(C)C)c(P(C(C)(C)C)C(C)(C)C)c1C
-0.237629308,0.214834322,0.93262662,50.64175635,2.6407001076850563,O=Cc1cccc(P(c2ccccc2)c2ccccc2)c1
-0.218944923,0.215984072,0.848125797,89.76446481,-0.015251336546000971,Cc1cc(C)c(C2=C(P(C3CCCCC3)C3CCCCC3)c3ccccc3C2)c(C)c1
-0.230985749,0.193539441,0.939925198,44.47627235,-0.16315474635804605,CCCCP1CCCC1
-0.234637125,0.194514817,0.944632899,44.26971744,0.51079604471105,CP(C)Cc1ccccc1
-0.207380224,0.220883287,0.875776173,107.1943514,-0.4383759770507183,COc1cccc(N(C)C)c1-c1ccccc1P(C1CCCCC1)C1CCCCC1
-0.226804599,0.20375881,0.902068224,84.1040802,0.697506050177445,CC(C)(C)CP(CC(C)(C)C)CC(C)(C)C
-0.213114689,0.228729633,0.947228738,47.73075594,0.28939500374057303,CN1c2ccccc2P(c2ccccc2)c2ccccc21
-0.228214178,0.204502288,0.920316843,58.64019791,0.47495084233762697,CCCCCP(CCCCC)CCCCC
-0.234494977,0.208994165,0.900515578,54.40817888,1.3786095772553395,CCCCP(CCCC)c1ccccc1
-0.229948169,0.202874994,0.915925779,53.31346445,0.3834635902116119,CCCCP(C)CCCC
-0.230730872,0.196035394,0.922611527,59.27464817,0.19931402518437125,CCCCP(CCCC)Cc1ccccc1
-0.22551,0.226463333,0.932998267,50.47431272,1.8136227434346281,C[Si](C)(C)c1ccc(P(c2ccc([Si](C)(C)C)cc2)c2ccc([Si](C)(C)C)cc2)cc1
-0.219359697,0.231746303,0.933827376,50.44824065,1.3534496177001145,CC(C)(C)c1ccc(P(c2ccc(C(C)(C)C)cc2)c2ccc(C(C)(C)C)cc2)cc1
-0.219734527,0.231057612,0.932951454,50.56309129,1.343599153746318,CC(C)c1ccc(P(c2ccc(C(C)C)cc2)c2ccc(C(C)C)cc2)cc1
-0.219751256,0.230283471,0.950015833,48.8358556,1.4617010076334438,CC(C)(C)c1cc(P(c2cc(C(C)(C)C)cc(C(C)(C)C)c2)c2cc(C(C)(C)C)cc(C(C)(C)C)c2)cc(C(C)(C)C)c1
-0.23052,0.230646667,0.933119515,40.30916538,2.6011863496777394,Cc1cp(C)cc1C
-0.22938,0.229036667,0.921425098,48.41701827,2.3787997171804065,Cc1cp(C(C)(C)C)cc1C
-0.224189611,0.216676947,0.897744924,56.2019171,0.5088589511300583,c1ccc(P(c2ccccc2)C23CC4CC(CC(C4)C2)C3)cc1
-0.207601307,0.236794597,0.931856951,50.79642905,0.02295022354844889,CCOc1ccc(P(c2ccc(OCC)cc2)c2ccc(OCC)cc2)cc1
-0.219557706,0.231039154,0.9323962,50.59091993,1.3094452754372483,CCc1ccc(P(c2ccc(CC)cc2)c2ccc(CC)cc2)cc1
-0.221592215,0.22452457,0.931784558,50.57559125,1.0653301040418128,c1ccc(-c2ccc(P(c3ccc(-c4ccccc4)cc3)c3ccc(-c4ccccc4)cc3)cc2)cc1
-0.26806,0.182826667,0.931224347,50.69709041,4.4701909539231295,N#Cc1ccc(P(c2ccc(C#N)cc2)c2ccc(C#N)cc2)cc1
-0.245342265,0.207765977,0.930103526,50.60018442,3.1593813656216057,COC(=O)c1ccc(P(c2ccc(C(=O)OC)cc2)c2ccc(C(=O)OC)cc2)cc1
-0.226034704,0.220549907,0.919827465,54.88140975,1.3560977489540917,COc1c(C(C)(C)C)cc(P(c2cc(C(C)(C)C)c(OC)c(C(C)(C)C)c2)c2ccccc2C=O)cc1C(C)(C)C
-0.23235,0.218756667,0.932389055,50.56321462,2.1810802187411653,Brc1ccc(P(c2ccccc2)c2ccccc2)cc1
-0.220882996,0.225525476,0.876651663,64.27769919,0.6990157551603957,CSc1ccccc1P(c1ccccc1)c1ccccc1
-0.229987121,0.219868225,0.931735421,56.01367005,2.073672926343015,Cc1cc(C)cc(P(c2cc(C)cc(C)c2)c2ccccc2C=O)c1
-0.228411007,0.215704107,0.903706034,50.81249667,0.9738300235878299,CCCCCP(c1ccccc1)c1ccccc1
-0.228252072,0.215716033,0.902607817,50.86000308,0.9380781552676112,CCCCCCP(c1ccccc1)c1ccccc1
-0.235254865,0.208696607,0.916550042,56.80934708,1.7504999014511853,CCCCCCP(CCCCCC)c1ccccc1
-0.225089602,0.217906666,0.911336843,52.83799917,0.8272993825273502,COc1cccc(P(c2cccc(OC)c2)C2CCCCC2)c1
-0.227529202,0.19664908,0.874848794,54.34691801,-1.0044439474259477,C=CCP(C1CCCCC1)C1CCCCC1
-0.225557712,0.204073734,0.899491903,50.36293227,-0.469360520247875,CP(C1CCCCC1)C1CCCCC1
-0.212282494,0.229897122,0.890275437,63.78087692,-0.03792464749523816,CCCCn1cccc1P(c1ccccc1)c1ccccc1
-0.217656751,0.216618792,0.873199822,83.10216174,-0.008424134015719176,c1ccc(C2=C(P(C3CCCCC3)C3CCCCC3)C3c4ccccc4C2c2ccccc23)cc1
-0.227206096,0.219116497,0.925162735,50.8878007,1.3669017937987817,c1ccc(-c2cc(-c3ccccc3)c(-c3cccc(P(c4ccccc4)c4ccccc4)n3)c(-c3ccccc3)c2)cc1
-0.22278413,0.18730789,0.82061036,65.8375137,-2.864398889241407,c1ccc(CC2(P(C3CCCCC3)C3CCCCC3)c3ccccc3-c3ccccc32)cc1
-0.220247654,0.189618379,0.819567106,64.14244601,-3.1106315071350608,c1ccc(CCCC2(P(C3CCCCC3)C3CCCCC3)c3ccccc3-c3ccccc32)cc1
-0.239092744,0.215103653,0.906447039,58.43476643,2.751637136664961,N#Cc1ccccc1P(c1ccccc1)c1ccccc1
-0.213466095,0.222593538,0.881203386,80.84363905,-0.09199397973233658,c1ccc(P(c2ccccc2)c2ccccc2-n2c3ccccc3c3ccccc32)cc1
-0.219012182,0.198386616,0.949019584,81.89135271,-0.3223199375958714,COc1cccc(OC)c1-c1cccc2c1P(C(C)(C)C)CO2
-0.20717,0.189893333,0.951011155,80.81914446,-2.764040975579576,CC(C)(C)P1COc2cccc(-c3c4ccccc4cc4ccccc34)c21
-0.211338609,0.219905097,0.845320076,82.71570775,-1.052871576572329,CC(C)Oc1cccc(OC(C)C)c1P(C1CCCCC1)C1CCCCC1
-0.190778135,0.18628483,0.839293234,71.17048286,-7.247876045258479,CC(C)P(C(C)C)C1C(N(C)C)=Cc2ccccc21
-0.221316849,0.188269761,0.827022562,64.63610009,-2.949785896588793,CCCCC1(P(C2CCCCC2)C2CCCCC2)c2ccccc2-c2ccccc21
-0.228047615,0.216420881,0.92308482,56.07312696,1.3913459171290796,CCO[Si](CCCP(c1ccccc1)c1ccccc1)(OCC)OCC
-0.213676879,0.203046635,0.895191833,94.33809158,-1.0871298689769944,CCP(CC)c1ccccc1-n1c2ccccc2c2ccccc21
-0.190522164,0.205780287,0.897295004,64.19733637,-5.108834230296289,CN(C)C1=Cc2ccccc2C1P(c1ccccc1)c1ccccc1
-0.196297004,0.215769284,0.86117692,85.81434088,-3.300717964151424,CN(C)c1ccc(-c2ccccc2P(C2CCCCC2)C2CCCCC2)cc1
-0.20841519,0.233678753,0.853968066,100.4229778,0.27520530686152966,CN(C)c1cccc(N(C)C)c1-c1ccccc1P(c1ccccc1)c1ccccc1
-0.197554485,0.214131014,0.843749385,96.78275766,-3.167340725507117,COc1cccc(N(C)c2ccccc2)c1P(C1CCCCC1)C1CCCCC1
-0.206292643,0.241353186,0.894025245,72.33641733,0.31911800256056466,COc1ccccc1-c1c(P(c2ccccc2)c2ccccc2)c2ccccc2n1C
-0.237363176,0.193199155,0.90626401,76.35633702,1.2155422336596118,COC(=O)CCP(CCC(=O)OC)CCC(=O)OC
-0.208514008,0.223280678,0.841750675,69.41891083,-1.623172673689794,COc1cc(OC)c(P(C2CCCCC2)C2CCCCC2)c(OC)c1
-0.230994501,0.210786178,0.918885439,46.80573265,1.0380583692459666,c1ccc(P(c2ccccn2)c2ccccn2)nc1
-0.259117426,0.164775239,0.946264957,39.79190227,1.5615170606041104,OCP(CO)CO
-0.207774278,0.215198407,0.894882639,96.2985863,-0.9052113387659162,CCP(CC)c1ccccc1-c1c(N(C)C)cccc1N(C)C
-0.221697868,0.191461598,0.842238946,65.36323639,-2.406635479421965,CCCCCCP(C(C)(C)C)C(C)(C)C
-0.22223,0.23001,0.93340639,50.57158185,1.6307949091925664,Cc1cc(C)cc(P(c2ccccc2)c2cc(C)cc(C)c2)c1
-0.26531,0.187866667,0.936046866,50.54961786,4.539974562404616,FC(F)(F)c1cc(P(c2ccccc2)c2cc(C(F)(F)F)cc(C(F)(F)F)c2)cc(C(F)(F)F)c1
-0.24995,0.20268,0.93454772,50.79226774,3.484564850029578,Fc1cc(F)cc(P(c2ccccc2)c2cc(F)cc(F)c2)c1
-0.222920014,0.226350719,0.932071842,50.46881068,1.411098819414498,COc1cc(OC)cc(P(c2ccccc2)c2cc(OC)cc(OC)c2)c1
-0.219439431,0.228907296,0.940260719,49.66685331,1.1960179173074081,COc1c(C(C)(C)C)cc(P(c2ccccc2)c2cc(C(C)(C)C)c(OC)c(C(C)(C)C)c2)cc1C(C)(C)C
-0.21919,0.230743333,0.933427951,50.58936223,1.2449312434710933,COc1c(C)cc(P(c2ccccc2)c2cc(C)c(OC)c(C)c2)cc1C
-0.224653999,0.224857601,0.931830849,50.49532857,1.5409936398143955,COc1cccc(P(c2ccccc2)c2cccc(OC)c2)c1
-0.239076893,0.213325932,0.933330551,50.71815902,2.741370740985367,Fc1cccc(P(c2ccccc2)c2cccc(F)c2)c1
-0.247807089,0.205096915,0.933699224,50.65545135,3.352547691182558,FC(F)(F)c1cccc(P(c2ccccc2)c2cccc(C(F)(F)F)c2)c1
-0.234979499,0.21525859,0.916588449,57.06263304,2.2562522101191647,Fc1ccccc1P(c1ccccc1)c1ccccc1F
-0.241945702,0.205928313,0.829443092,84.9898186,2.151738013054377,FC(F)(F)c1ccccc1P(c1ccccc1)c1ccccc1C(F)(F)F
-0.23502,0.215846667,0.932733637,50.79331364,2.346046165451817,Fc1ccc(P(c2ccccc2)c2ccc(F)cc2)cc1
-0.2499,0.20376,0.93240001,50.59249995,3.5312254549102633,FC(F)(F)c1ccc(P(c2ccccc2)c2ccc(C(F)(F)F)cc2)cc1
-0.219983755,0.226388765,0.893099323,62.77464193,0.8150289448840269,c1ccc(P(c2cccc3ccccc23)c2cccc3ccccc23)cc1
-0.222884576,0.223848383,0.931833278,50.60786723,1.2013951098405116,c1ccc(P(c2ccc3ccccc3c2)c2ccc3ccccc3c2)cc1
-0.22084,0.212263333,0.855372361,63.2772316,-0.7099747723733998,c1ccc(P(C23CC4CC(CC(C4)C2)C3)C23CC4CC(CC(C4)C2)C3)cc1
-0.221294511,0.203308504,0.855473634,63.1841449,-1.3792187234162583,COc1ccc(P(C(C)(C)C)C(C)(C)C)cc1
-0.22304,0.2015,0.856883007,63.09419828,-1.254720905491844,Cc1ccc(P(C(C)(C)C)C(C)(C)C)cc1
-0.23089,0.1932,0.857430306,63.08792285,-0.7747154531271363,CC(C)(C)P(c1ccc(Cl)cc1)C(C)(C)C
-0.240829512,0.208193351,0.930527797,50.64371864,2.538091572720539,COc1ccc(P(c2ccc(C(F)(F)F)cc2)c2ccc(C(F)(F)F)cc2)cc1
-0.213994905,0.228346399,0.895545015,67.78055553,0.27283597040645446,c1ccc(-n2cccc2P(c2ccccc2)c2ccccc2)cc1
-0.215481116,0.219345745,0.861918189,93.05610488,0.03168008057842542,c1ccc(-n2cccc2P(C23CC4CC(CC(C4)C2)C3)C23CC4CC(CC(C4)C2)C3)cc1
-0.214591464,0.218036682,0.86863112,87.23137058,-0.2846682783543031,c1ccc2c(-n3cccc3P(C3CCCCC3)C3CCCCC3)cccc2c1
-0.219815009,0.206715164,0.867104317,95.99844133,-0.21298262543432855,CC(C)(C)P(c1cccn1-c1cccc2ccccc12)C(C)(C)C
-0.229730167,0.204739727,0.885170852,58.12719925,0.23065880473934186,c1ccc(P(C2CCCCC2)C2CCCCC2)nc1
-0.213437162,0.213207512,0.864060012,93.67529237,-0.7257366090948736,c1ccc(-n2c(P(C34CC5CC(CC(C5)C3)C4)C34CC5CC(CC(C5)C3)C4)cc3ccccc32)cc1
-0.214761991,0.217271003,0.872605612,80.57784748,-0.4613074107653574,CCCCn1cccc1P(C1CCCCC1)C1CCCCC1
-0.221970498,0.211209095,0.882152371,53.31472379,-0.5586628475910729,Cc1cc(C)c(-c2cccc3ccc(P(C4CCCCC4)C4CCCCC4)cc23)c(C)c1
-0.221754086,0.210615374,0.878155647,54.52456315,-0.6578805352658819,CC(C)c1cc(C(C)C)c(-c2cccc3ccc(P(C4CCCCC4)C4CCCCC4)cc23)c(C(C)C)c1
-0.226008001,0.216030613,0.896545123,54.77125642,0.6656652125123443,Cc1cc(C)c(-c2cccc3ccc(P(C4CCCC4)C4CCCC4)cc23)c(C)c1
-0.227484778,0.215823086,0.89284935,55.51289772,0.8375199970603049,CC(C)c1cc(C(C)C)c(-c2cccc3ccc(P(C4CCCC4)C4CCCC4)cc23)c(C(C)C)c1
-0.21846751,0.21780011,0.909253007,51.24678404,-0.22873799971599595,Cc1cc(C)c(-c2cccc3ccc(P(c4ccc5cccc(-c6c(C)cc(C)cc6C)c5c4)C4CCCCC4)cc23)c(C)c1
-0.253855117,0.198745912,0.93421835,50.53658264,3.723968905287883,O=C(O)c1cccc(P(c2cccc(C(F)(F)F)c2)c2cccc(C(F)(F)F)c2)c1
-0.257967491,0.194303274,0.933857107,50.34501187,3.953536009228735,O=C(O)c1cccc(P(c2cccc(C(=O)O)c2)c2cccc(C(F)(F)F)c2)c1
-0.256970104,0.196676562,0.932343025,50.5673975,3.987757995406561,O=C(O)c1ccc(P(c2ccc(C(F)(F)F)cc2)c2ccc(C(F)(F)F)cc2)cc1
-0.254050252,0.199489734,0.931361918,50.60296072,3.7772541912178568,O=C(O)c1ccc(P(c2ccc(C(=O)O)cc2)c2ccc(C(F)(F)F)cc2)cc1
-0.23473181,0.215841425,0.931433674,57.11520903,2.4684584967149377,O=Cc1ccccc1P(c1ccccc1)c1ccccc1
-0.232519682,0.20253735,0.926308696,44.60681939,0.6215571691480974,CCCCP(C)C
-0.232627083,0.201003543,0.914165145,49.30554156,0.48424596483368276,CC(=O)P(c1ccccc1)c1ccccc1
-0.26065,0.162426667,0.873999305,65.60750717,1.369899613280289,CC(C)(C)P(c1c(F)c(F)c(F)c(F)c1F)c1c(F)c(F)c(F)c(F)c1F
-0.29172,0.129803333,0.942662594,51.29221016,3.768168396319261,FC(F)(F)P(c1ccccc1)C(F)(F)F
-0.251098778,0.173694942,0.911632313,49.1285092,0.919597443884804,CC(=O)P(C(C)=O)c1ccccc1
-0.24105,0.173466667,0.839071665,70.69583331,-0.9270430003307268,CC(C)(C)P(c1c(F)c(F)c(F)c(F)c1F)C(C)(C)C
-0.234062696,0.208474363,0.946283942,43.65996179,1.5762533483627479,Cc1cccc(P(C)C)c1
-0.230408507,0.209351581,0.946857976,43.32284294,1.109080750357073,Cc1ccc(P(C)C)cc1
-0.246169559,0.18625289,0.92078819,89.44539982,2.5131599857568077,OCCCP(CCCO)CCCO
-0.2272,0.19031,0.945174449,47.70894081,-0.8207097086104227,CC(C)(C)P1CCCC1
-0.227199207,0.199207344,0.895125573,51.75036902,-0.6458850233638174,CC(C)(C)P1CCCCC1
-0.225488289,0.198573322,0.877758115,55.44658842,-1.0757241237891293,CC(C)(C)P1CCCCCC1
-0.229710699,0.20844425,0.904271285,49.65456696,0.5433459044161353,c1ccc(P2CCCCCC2)cc1
-0.226931651,0.202164579,0.922297439,45.35125887,-0.26272177070575253,CP1C2CCCC1CCC2
-0.223762931,0.207845549,0.908203087,61.66010745,0.01963249422799862,CP(C)c1ccccc1-c1ccccc1
-0.224891458,0.216147954,0.866781004,85.59364336,1.0021606159534358,c1ccc(-c2ccccc2P(C2CCCC2)C2CCCC2)cc1
-0.209030491,0.208754747,0.861540206,109.4341078,-1.317310679653147,CC(C)Oc1cccc(OC(C)C)c1-c1ccccc1P(C(C)(C)C)C(C)(C)C
-0.22046388,0.232000955,0.837184896,100.1777807,1.6761529939457986,Cc1cc(C)c(-c2ccccc2P(c2ccccc2C)c2ccccc2C)c(C)c1
-0.219076482,0.208113722,0.840359991,104.7281303,-0.3135696464177329,CC(C)c1cc(C(C)C)c(-c2ccccc2P(C(C)C)C(C)C)c(C(C)C)c1
-0.21829876,0.213080164,0.866888875,97.55403942,0.12843521464255758,c1ccc(P(C2CCCCC2)C2CCCCC2)c(-c2cc3ccccc3c3ccccc23)c1
-0.233317553,0.201650673,0.943407415,42.00689801,0.8204893608587227,CCP(C)C
-0.23837,0.185826667,0.940509141,41.45652279,0.20999955164783302,CC(=O)P(C)C
-0.232794535,0.202301042,0.927114237,44.20087711,0.6416526717938424,CCCP(C)C
-0.232461341,0.200181214,0.940322226,44.85193482,0.6148585665755277,CC(C)P(C)C
-0.227662341,0.192474485,0.916279898,45.11409152,-1.0379963014330826,COP(OC)n1cccc1
-0.235017604,0.210838758,0.96422832,39.00476544,2.016980290580271,c1ccc(P2NCCN2)cc1
-0.233449017,0.2243375,0.937233996,39.44431718,2.5443009648249344,c1ccc(P2NCCCN2)cc1
-0.253521548,0.16598225,0.928048425,43.65111301,0.7050101365226809,CC(=O)P(C)C(C)=O
-0.228763342,0.198372192,0.903069178,49.61512411,-0.43956348800170275,CC(C)P(C)C(C)C
-0.30363,0.046263333,0.895583738,66.5592804,-1.5263406704606979,ClC(Cl)(Cl)P(C(Cl)(Cl)Cl)C(Cl)(Cl)Cl
-0.226500815,0.184995308,0.821796159,67.49970379,-2.4439012574692285,CC(C)(C)P(Cc1ccccc1)C(C)(C)C
-0.21439,0.182356667,0.827936293,65.29478167,-4.421787708638199,CC(C)(C)P(C(C)(C)C)C12CC3CC(CC(C3)C1)C2
-0.216462441,0.182853193,0.785942247,72.36811544,-4.435772403976657,CC(C)(C)P(C1C2CC3CC(C2)CC1C3)C(C)(C)C
-0.224378762,0.19757056,0.922256674,81.89629986,0.04042535197454811,CC(C)(C)CP(CC(C)(C)C)C(C)(C)C
-0.23365143,0.185172226,0.898978865,65.069112,-0.4125196333218497,CC(C)(C)P(Cc1ccccc1)Cc1ccccc1
-0.23754342,0.209416147,0.945347582,41.92296077,2.102384450876663,C=CP(C)C
-0.313994227,0.126580232,0.954779493,48.61829288,6.863097514799541,C=CP(C(F)(F)F)C(F)(F)F
-0.340287216,0.050338833,0.909715451,71.3992493,4.525642046341396,FC(F)(F)C(F)(F)P(C(F)(F)C(F)(F)F)C(F)(F)C(F)(F)F
-0.237512254,0.210630214,0.862960316,61.25591114,1.6500622388310333,Fc1ccccc1P(c1ccccc1F)c1ccccc1F
-0.235987068,0.210564743,0.905443616,74.92102865,2.385594466048083,Clc1ccccc1P(c1ccccc1Cl)c1ccccc1Cl
-0.293607449,0.134742803,0.90926802,61.49836765,4.297472390023721,FC(F)(F)CP(CC(F)(F)F)CC(F)(F)F
-0.26442,0.133733333,0.864704697,47.59179949,-1.0754541808398486,CC(=O)P(C(C)=O)C(C)=O
-0.225164112,0.226793716,0.933192988,50.01429449,1.7792123936860023,CC(C)(C)c1cccc(P(c2cccc(C(C)(C)C)c2)c2cccc(C(C)(C)C)c2)c1
-0.224414059,0.213578924,0.923433552,47.11057959,0.36982751307909467,Cc1cccc(P(c2cccc(C)n2)c2cccc(C)n2)n1
-0.25425,0.178906667,0.940742933,49.37506693,2.2082764735136564,FC(F)(F)P(c1ccccc1)c1ccccc1
-0.23575,0.21308,0.963156647,41.90103227,2.3778130075726054,Cp1c2ccccc2c2ccccc21
-0.238662029,0.181659922,0.894037505,50.24922813,-0.45871701249725305,CC(=O)P(C(C)=O)N(C)C
-0.229828891,0.207854035,0.924034626,48.07375177,0.7319116535310215,c1ccc2oc(P(c3cc4ccccc4o3)c3cc4ccccc4o3)cc2c1
-0.207760449,0.230284705,0.936664643,58.89399182,-0.189287609144273,c1ccc(-c2c(-c3ccccc3)c(-c3ccccc3)p(-c3ccccc3)c2-c2ccccc2)cc1
-0.229158099,0.23237776,0.887836856,42.88360453,2.0095709812452682,CCCCp1cc(C)c(C)c1
-0.20524,0.238866667,0.860132435,75.97660591,-0.38940266274624946,Cc1cc(C)c(-p2c(-c3ccccc3)ccc2-c2ccccc2)c(C)c1
-0.223114056,0.202348866,0.859691934,63.29866292,-1.1305757281999718,CC(C)P(c1cc2ccccc2c2ccccc12)C(C)C
-0.2144193,0.204414386,0.91041867,52.72391963,-1.863703828461162,c1ccc2c(c1)cc(P1C3CCCC1CCC3)c1ccccc12
-0.223712682,0.206452724,0.992222837,63.524254,1.0796607643161664,C1=C(c2ccccc2)P2C(c3ccccc3)=CC1(c1ccccc1)c1ccccc12
-0.23226591,0.214504892,0.991599306,64.42484503,3.0151675011967214,CC(C)C1=CC2(c3ccccc3)C=C(C(C)C)P1c1ccccc12
-0.223557766,0.20912995,0.991827267,67.64685825,1.3903500676893614,Cc1ccc(C2=CC3(c4ccccc4)C=C(c4ccc(C)cc4C)P2c2ccccc23)c(C)c1
-0.21279,0.232203333,0.930899898,50.74415612,0.3945526394028107,Nc1ccc(P(c2ccccc2)c2ccccc2)cc1
-0.225367603,0.224323251,0.932135805,50.64437162,1.6104405126172523,c1ccc(-c2ccc(P(c3ccccc3)c3ccccc3)cc2)cc1
-0.222870381,0.226750573,0.937887087,49.54202008,1.4878941823709013,CN(C)c1ccnc(P(c2ccccc2)c2ccccc2)c1
-0.24842,0.213343333,0.962762003,51.57355851,4.535881519316483,c1ccc([Si]23c4ccccc4P(c4ccccc42)c2ccccc23)cc1
-0.23103,0.19298,0.95265659,39.89603305,-0.16398442784175415,c1ccc([Si]23CCP(CC2)CC3)cc1
-0.23236,0.216643333,0.954637789,48.70882566,2.2542338249420553,Cc1cccc(C)c1-c1cc(-c2c(C)cccc2C)cc(P(c2cc(-c3c(C)cccc3C)cc(-c3c(C)cccc3C)c2)c2cc(-c3c(C)cccc3C)cc(-c3c(C)cccc3C)c2)c1
-0.212915189,0.22597069,0.929977812,51.35361494,-0.09318757347253381,c1cc2c(cc1P(c1ccc3c(c1)OCO3)c1ccc3c(c1)OCO3)OCO2
-0.222965509,0.22285023,0.897031793,58.95022948,0.9052673608031014,c1cc2c(c(P(c3cccc4c3OCO4)c3cccc4c3OCO4)c1)OCO2
-0.261693219,0.182179256,0.899131669,61.99932198,3.377000401370786,CP(C)C
-0.252282968,0.193360416,0.898293161,63.80474671,2.9521248138687426,CP(C)C
-0.220059215,0.203392026,0.896066938,78.78544485,-0.5582825763697059,CP(c1ccccc1-c1ccccc1)C(C)(C)C
-0.219150018,0.205336369,0.857846032,88.15365208,-0.7747822922177434,CCCCP(c1ccccc1-c1ccccc1)C(C)(C)C
-0.222990631,0.199446493,0.86698208,98.3934339,-0.2750335697598274,CC(C)(C)P(Cc1ccccc1)c1ccccc1-c1ccccc1
-0.219134199,0.204224336,0.854366269,88.855376,-0.894783001243475,CC(C)(C)P(c1ccccc1-c1ccccc1)C1CCCCC1
-0.220298128,0.201094119,0.854191663,88.97859024,-0.9793127472048511,CC(C)P(c1ccccc1-c1ccccc1)C(C)(C)C
-0.217658388,0.208205022,0.848612751,115.016376,-0.10648944727817167,CC(C)(CP(c1ccccc1-c1ccccc1)C(C)(C)C)c1ccccc1
-0.219012932,0.207281766,0.872431708,99.35209105,-0.1159824246324277,CC(C)(C)P(C[Si](C)(C)C)c1ccccc1-c1ccccc1
-0.21693695,0.199447996,0.860724398,103.5370275,-1.1001024195558458,Cc1cc(C)c(-c2ccccc2P(C(C)(C)C)C(C)(C)C)c(C)c1
-0.219699367,0.212587812,0.854641922,76.31182708,-0.4842180439055781,CC(C)(C)P(c1ccccc1)c1ccccc1-c1ccccc1
-0.217488289,0.213732678,0.844825419,81.95623274,-0.6839734992303548,Cc1ccccc1P(c1ccccc1-c1ccccc1)C(C)(C)C
-0.21611021,0.216544443,0.895786416,76.24873923,-0.1366622574811771,COc1ccc(P(c2ccccc2-c2ccccc2)C(C)(C)C)cc1
-0.228068283,0.201787102,0.855914595,73.63858474,-0.20043329043974722,CC(C)(C)P(c1ccc(C(F)(F)F)cc1)c1ccccc1-c1ccccc1
-0.214565078,0.214527077,0.827581617,103.9039498,-0.6458217961776143,CC(C)(C)P(c1ccccc1-c1ccccc1)c1ccccc1-c1ccccc1
-0.20409031,0.242711929,0.893895996,71.61232293,0.08423358669781322,COc1ccccc1P(c1ccccc1OC)c1c(OC)cccc1OC
-0.219862621,0.225940452,0.864707087,78.37110694,0.8299327023433065,COc1ccccc1P(c1ccccc1OC)c1ccccc1C(F)(F)F
-0.222333031,0.238138468,0.872277664,100.0856883,2.922861760994074,COCc1ccccc1P(c1ccccc1COC)c1ccccc1COC
-0.215380615,0.2122426,0.834506925,67.27400519,-1.6787353403424063,CC(C)(C)P(C1CCCCC1)C12C3C4C5C1[Fe]45321678C2C1C6C7C28
-0.218765235,0.221933626,0.814206495,75.0504733,-0.4339469525396069,Cc1ccccc1P(C(C)(C)C)C12C3C4C5C1[Fe]45321678C2C1C6C7C28
-0.21727839,0.205816565,0.836268612,70.90898684,-1.7983602914553671,CC(C)(C)P(Cc1ccccc1)C12C3C4C5C1[Fe]45321678C2C1C6C7C28
-0.214732034,0.209012644,0.895801216,86.32384315,-0.665909766748257,CC(C)(CP(C(C)(C)C)C12C3C4C5C1[Fe]45321678C2C1C6C7C28)c1ccccc1
-0.217792965,0.221485909,0.817234707,78.73988531,-0.4663468395804884,CC(C)(C)P(c1cccc2ccccc12)C12C3C4C5C1[Fe]45321678C2C1C6C7C28
-0.210274888,0.219485262,0.878016706,102.472356,-0.23395978620933988,CC(C)(C)P(c1ccccc1-c1ccccc1)C12C3C4C5C1[Fe]45321678C2C1C6C7C28
-0.228063874,0.209579354,0.880839564,63.25365401,0.4727898814630649,CC(C)(C)P(c1ccc(C(F)(F)F)cc1)C12C3C4C5C1[Fe]45321678C2C1C6C7C28
-0.218153523,0.224897427,0.881547727,63.70067123,0.29534445966651646,COc1ccc(P(C(C)(C)C)C23C4C5C6C2[Fe]56432789C3C2C7C8C39)cc1
-0.208547181,0.219516054,0.837612414,116.8878863,-0.611251567891884,COc1ccc(C)c(-c2c(C(C)C)cc(C(C)C)cc2C(C)C)c1P(C1CCCCC1)C1CCCCC1
-0.217553161,0.210183587,0.874644571,85.10221735,-0.474463024836993,c1ccc(-c2ccc(-c3ccccc3P(C3CCCCC3)C3CCCCC3)cc2)cc1
-0.208406679,0.215745923,0.82837687,120.9501281,-0.9478391213893076,Cc1c(C)c(C)c(P(C2CCCCC2)C2CCCCC2)c(-c2c(C(C)C)cc(C(C)C)cc2C(C)C)c1C
-0.218609563,0.214058885,0.841560454,93.18351952,-0.21184699238069982,Cc1cc(C)c(-c2ccccc2P(C2CCCCC2)C2CCCCC2)c(C)c1
-0.21897,0.226061446,0.891790135,63.77285236,0.6504328282393672,Cc1ccc2ccccc2c1P(c1ccccc1)c1ccccc1
-0.214898946,0.227791773,0.905154799,54.69856748,0.1112427386699224,CC(C)(C)c1ccc2c(c1)C(C)(C)c1cc(C(C)(C)C)cc(P(c3ccccc3)c3ccccc3)c1O2
-0.211070532,0.231279693,0.908653029,78.44952527,0.5678677102995593,COc1cccc(OC)c1-c1ccccc1P1c2cc(C)ccc2Oc2ccc(C)cc21
-0.210692453,0.226735864,0.924589364,61.1540247,-0.14629448970062242,Cc1ccc2c(c1)P(c1c(C)ccc3ccccc13)c1cc(C)ccc1O2
-0.223484594,0.184420804,0.907112738,45.11251478,-2.4359467701906468,CC1(C)[C@H](C)C(C)(C)[P@@]1C
-0.223472773,0.184473157,0.907111285,45.13316163,-2.4328118309655977,CC1(C)[C@H](C)C(C)(C)[P@]1C
-0.21662021,0.202409413,0.818982808,67.89727683,-2.493699840171651,COc1ccccc1P(C(C)(C)C)C(C)(C)C
-0.213296789,0.215507542,0.8178071,67.36499966,-1.938686722730239,COc1ccccc1P(C12CC3CC(CC(C3)C1)C2)C12CC3CC(CC(C3)C1)C2
-0.221766842,0.196507354,0.820090151,67.58142659,-2.2157310683246934,COc1ccc(F)cc1P(C(C)(C)C)C(C)(C)C
-0.226448659,0.192273091,0.820113247,68.02460356,-1.8618694160011628,COc1ccc(C(F)(F)F)cc1P(C(C)(C)C)C(C)(C)C
-0.219791234,0.201797224,0.810336998,63.21113985,-2.3292830457219083,COCCP(C12CC3CC(CC(C3)C1)C2)C12CC3CC(CC(C3)C1)C2
-0.220342518,0.208859503,0.908594336,80.5715643,0.15171605587290315,Cc1cccc(C)c1-c1cccc(-c2c(C)cccc2C)c1P(C)C
-0.219336107,0.209634032,0.884586469,104.5982685,0.43924772457614125,CC(C)c1cccc(C(C)C)c1-c1cccc(-c2c(C(C)C)cccc2C(C)C)c1P(C)C
-0.210278814,0.213403613,0.887808654,96.85439993,-0.7632384561387298,CCP(CC)c1ccccc1-c1ccccc1N(C)C
-0.219080051,0.211692276,0.874930946,74.21477964,-0.43696430849242773,C(=C\P(C1CCCCC1)C1CCCCC1)\c1ccccc1
-0.22279374,0.202253517,0.887031607,68.4351556,-0.6700850721353291,c1ccc(CCP(C2CCCCC2)C2CCCCC2)cc1
-0.214202255,0.215115413,0.86568849,76.94713568,-0.9181907127329509,C(=C(c1ccccc1)c1ccccc1)P(C1CCCCC1)C1CCCCC1
-0.220929244,0.211277666,0.856807084,90.875732,0.03890539824734418,c1ccc(-c2c(P(C3CCCCC3)C3CCCCC3)ccc3ccccc23)cc1
-0.213912381,0.215131596,0.821101089,82.57541425,-1.395373721243395,CC(C)C(=C(c1ccccc1)c1ccccc1)P(C1CCCCC1)C1CCCCC1
-0.212100305,0.213918754,0.830328593,91.53362731,-1.3785473270866078,CCC(=C(c1ccccc1)c1ccccc1)P(C1CCCCC1)C1CCCCC1
-0.209381365,0.219736564,0.844136297,94.9942628,-1.0155237578313603,COc1ccccc1C(=C(C)P(C1CCCCC1)C1CCCCC1)c1ccccc1OC
-0.216853228,0.214994742,0.857345116,91.43928867,-0.2317275627582518,c1ccc(C2=C(P(C3CCCCC3)C3CCCCC3)CCc3ccccc32)cc1
-0.213350536,0.217906007,0.857930758,92.19259683,-0.4780837102989963,COc1ccccc1C1=C(P(C2CCCCC2)C2CCCCC2)CCc2ccccc21
-0.219104183,0.212071745,0.86171878,95.28191951,0.02903587855310974,FC(F)(F)c1ccccc1C1=C(P(C2CCCCC2)C2CCCCC2)CCc2ccccc21
-0.228873214,0.2004428,0.862615618,85.07200681,0.22786795902425894,FC(F)(F)c1ccc(P(C2CCCCC2)C2CCCCC2)c(-c2ccccc2)c1
-0.235116794,0.198801758,0.87374769,91.8974271,1.3575686962088795,FC(F)(F)c1ccc(P(C2CCCCC2)C2CCCCC2)c(-c2ccccc2C(F)(F)F)c1
-0.215214806,0.214658319,0.858953349,86.54791458,-0.6198873425774494,COc1ccc(P(C2CCCCC2)C2CCCCC2)c(-c2ccccc2)c1
-0.212297208,0.219338124,0.882369906,103.5667013,0.14127158524652117,COc1ccc(P(C2CCCCC2)C2CCCCC2)c(-c2ccccc2OC)c1
-0.225361437,0.205803684,0.861982016,103.6117464,0.6786799461518527,COc1ccccc1-c1cc(C(F)(F)F)ccc1P(C1CCCCC1)C1CCCCC1
-0.221310813,0.213052365,0.87804629,94.20544601,0.621904702859787,COc1ccc(P(C2CCCCC2)C2CCCCC2)c(-c2ccccc2C(F)(F)F)c1
-0.224918684,0.208476511,0.863462972,93.4246394,0.5584541757695902,FC(F)(F)c1ccccc1-c1ccccc1P(C1CCCCC1)C1CCCCC1
-0.222689639,0.209446016,0.856910767,94.59180656,0.2561317360442317,C/C(=C(\c1ccccc1)c1ccccc1C(F)(F)F)P(C1CCCCC1)C1CCCCC1
-0.211903616,0.215903834,0.83976879,94.00846492,-1.046364340871854,COc1ccccc1/C(=C(/C)P(C1CCCCC1)C1CCCCC1)c1ccccc1
-0.246572561,0.189488309,0.941316179,49.77549578,1.9672671048051242,Cc1cc(C)c(-c2cc(-c3c(C)cc(C)cc3C)cc(P(c3cc(C(F)(F)F)cc(C(F)(F)F)c3)c3cc(C(F)(F)F)cc(C(F)(F)F)c3)c2)c(C)c1
-0.246631466,0.198162334,0.93452341,50.18084551,2.6081354427192096,Cc1cc(C)c(-c2cc(-c3c(C)cc(C)cc3C)cc(P(c3ccc(C#N)cc3)c3ccc(C#N)cc3)c2)c(C)c1
-0.221570552,0.199010748,0.934635295,50.74154319,-0.9881350402010085,Fc1cc(F)cc(P(c2ccc(-n3c4ccccc4c4ccccc43)cc2)c2cc(F)cc(F)c2)c1
-0.220214815,0.20120091,0.934204526,50.52709697,-1.0196893533336109,FC(F)(F)c1cccc(P(c2ccc(-n3c4ccccc4c4ccccc43)cc2)c2cccc(C(F)(F)F)c2)c1
-0.244817796,0.178491907,0.916051911,60.7803888,0.7859367351661248,Cc1cc(C)c(-c2cc(-c3c(C)cc(C)cc3C)cc(P(c3c(F)c(F)c(F)c(F)c3F)c3c(F)c(F)c(F)c(F)c3F)c2)c(C)c1
-0.237833248,0.207529862,0.932936048,50.51509077,2.071858392533052,FC(F)(F)c1cc(P(c2ccc(-c3ccccc3)cc2)c2ccc(-c3ccccc3)cc2)cc(C(F)(F)F)c1
-0.24267127,0.208043354,0.935548028,50.40476793,2.856980727255312,COc1c(C(C)(C)C)cc(P(c2ccc(C(F)(F)F)cc2)c2ccc(C(F)(F)F)cc2)cc1C(C)(C)C
-0.236392827,0.206919241,0.932230473,50.47033265,1.7992736577955455,FC(F)(F)c1cc(P(c2ccc3ccccc3c2)c2ccc3ccccc3c2)cc(C(F)(F)F)c1
-0.245818614,0.207130843,0.933265241,50.33557916,3.2120825908469257,CC(C)c1cc(C(C)C)cc(P(c2ccc(C(F)(F)F)cc2)c2ccc(C(F)(F)F)cc2)c1
-0.245097183,0.207478528,0.935202056,50.2722178,3.158737650767897,CC(C)(C)c1cc(P(c2ccc(C(F)(F)F)cc2)c2ccc(C(F)(F)F)cc2)cc(C(C)(C)C)c1
-0.241328487,0.205876295,0.933755476,50.58675168,2.4630057274019137,FC(F)(F)c1cccc(P(c2ccc(-c3ccccc3)cc2)c2cccc(C(F)(F)F)c2)c1
-0.243543572,0.208623444,0.934049782,50.46378399,3.014384529318555,C[Si](C)(C)c1ccc(P(c2ccc([Si](C)(C)C)cc2)c2cc(C(F)(F)F)cc(C(F)(F)F)c2)cc1
-0.234216885,0.210931373,0.92954052,50.59965341,1.7762553791160727,N#Cc1ccc(P(c2ccc3ccccc3c2)c2ccc3ccccc3c2)cc1
-0.218106152,0.208935598,0.93353081,50.66729483,-0.7000135688217526,Fc1cccc(P(c2ccc(-n3c4ccccc4c4ccccc43)cc2)c2cccc(F)c2)c1
-0.188254239,0.236328792,0.860893153,110.3876841,-2.0898678912848325,COc1cc(OC)c(P(Cc2ccccc2Cc2c(OC)cccc2OC)c2c(OC)cc(OC)cc2OC)c(OC)c1
-0.189729981,0.234590295,0.763716613,98.83006637,-3.6539593434022635,CC(C)Oc1cccc(OC(C)C)c1P(c1c(OC(C)C)cccc1OC(C)C)C(C(C)C)C(C)C
-0.226923352,0.21767329,0.895818404,53.74859049,0.8956836702614552,c1ccc2cc3c(cc2c1)Cc1cc2ccccc2cc1P3C1CCCCC1
-0.22532,0.200746667,0.967696289,53.51057393,0.22920031420901665,Cc1cc(C)c(-c2cccc3cc4c(cc23)P2C(C)(C)CC4CC2(C)C)c(C)c1
-0.22453903,0.198380199,0.915788946,77.23941664,-0.09095448343174439,Cc1cc(C)c(-c2cccc3c2CP(C2CCCCC2)Cc2c-3cccc2-c2c(C)cc(C)cc2C)c(C)c1
-0.225159599,0.195113022,0.918872076,75.78912674,-0.26831895031234865,Cc1cc(C)c(-c2cccc3c2CP(C(C)C)Cc2c-3cccc2-c2c(C)cc(C)cc2C)c(C)c1
-0.213328248,0.219278243,0.905697037,49.97024316,-0.9474713293887689,Cc1cc(C)c(-c2cccc3cc4c(cc23)P(C2CCCCC2)c2cc3c(-c5c(C)cc(C)cc5C)cccc3cc2C4)c(C)c1
-0.230940714,0.214778326,0.915647654,52.75865811,1.4862273715656826,c1ccc(-c2cccc(P(c3cccc(-c4ccccc4)c3)C3CCCCC3)c2)cc1
-0.224728279,0.21650254,0.912412778,55.31587017,0.7450187189709752,c1ccc(-c2ccc(P(c3ccc(-c4ccccc4)cc3)C3CCCCC3)cc2)cc1
-0.260710842,0.191343098,0.939585307,50.10037704,4.183717254680893,CC(C)c1cc(C(C)C)cc(P(c2cc(C(F)(F)F)cc(C(F)(F)F)c2)c2cc(C(F)(F)F)cc(C(F)(F)F)c2)c1
-0.251304587,0.200052707,0.931262081,50.44248294,3.4138959999805607,CC(C)c1cc(C(C)C)cc(P(c2ccc(C#N)cc2)c2ccc(C#N)cc2)c1
-0.215315698,0.216674302,0.930880206,50.6362638,-0.5117051839966678,CN(C)c1ccc(P(c2cccc(C(F)(F)F)c2)c2cccc(C(F)(F)F)c2)cc1
-0.21674,0.21438,0.931840097,50.73055936,-0.47498600824291515,CN(C)c1ccc(P(c2cc(F)cc(F)c2)c2cc(F)cc(F)c2)cc1
-0.2216,0.223276667,0.916288258,61.27641599,1.0652417093787179,COc1cccc(OC)c1P(c1ccc(Cl)cc1)c1ccc(Cl)cc1
-0.219612196,0.225352196,0.912069305,61.93959477,0.9058835064116053,COc1cccc(OC)c1P(c1ccc(F)cc1)c1ccc(F)cc1
-0.217365161,0.234026508,0.9348269,73.94420966,1.9396292399890953,Cc1ccc(P(c2ccc(C)c(C)c2)c2ccccc2C2(C)OCCO2)cc1C
-0.217372924,0.218961034,0.919119941,52.7740486,-0.11780136358208892,COC(=O)CCP(c1ccc(OC)cc1)c1ccc(OC)cc1
-0.219437952,0.220919004,0.911684945,57.52010373,0.3836931776100343,C(#CP(CC1CCCC1)CC1CCCC1)c1ccccc1
-0.237215831,0.213887009,0.933571882,50.4803798,2.5102267438257044,Cc1ccc(P(c2cc(C(F)(F)F)cc(C(F)(F)F)c2)c2ccc(C)c(C)c2)cc1C
-0.211004601,0.23932246,0.866347725,85.80787259,0.8627798735550343,COc1ccccc1P(c1ccccc1OC)c1ccccc1C1(C)OCCO1
-0.207049816,0.24160696,0.844802689,81.26221435,0.048381226675594746,Cc1cc(C)c(P(c2cc(C)c(C)cc2C)c2ccccc2N(C)C)cc1C
-0.212499102,0.232843015,0.871904776,66.4882107,0.06723932946979971,Cc1cccc(P(c2cccc(C)c2)c2ccccc2N(C)C)c1
-0.214964474,0.213724875,0.877508902,100.2270903,-0.08897159747414918,COc1cccc(OC)c1-c1ccccc1P(C(C)C)C(C)C
-0.216419333,0.237499024,0.852940994,98.55078798,1.6972606144645042,c1ccc(P(c2ccccc2C2CCCCC2)c2ccccc2C2CCCCC2)c(C2CCCCC2)c1
-0.221403364,0.232540243,0.845091763,92.93106657,1.7552557345371085,CCc1ccccc1P(c1ccccc1CC)c1ccccc1CC
-0.181057322,0.256690117,0.892620486,71.32306371,-2.17987881306545,Cc1cc(N(C)C)ccc1P(c1ccc(N(C)C)cc1C)c1ccc(N(C)C)cc1C
-0.20128022,0.244654922,0.855950392,71.64936055,-0.6776803380069296,Cc1cc(OC(C)C)ccc1P(c1ccc(OC(C)C)cc1C)c1ccc(OC(C)C)cc1C
-0.23173901,0.220026668,0.855458184,71.98552833,1.781731072183895,Cc1cc(F)ccc1P(c1ccc(F)cc1C)c1ccc(F)cc1C
-0.244081518,0.20946545,0.855500615,71.87798143,2.726838470003095,Cc1cc(OC(F)(F)F)ccc1P(c1ccc(OC(F)(F)F)cc1C)c1ccc(OC(F)(F)F)cc1C
-0.239773122,0.216111651,0.850513134,71.73365687,2.567752742051873,COC(=O)c1ccc(P(c2ccc(C(=O)OC)cc2C)c2ccc(C(=O)OC)cc2C)c(C)c1
-0.261608614,0.192045635,0.851033259,72.02271748,3.818025527275502,Cc1cc(C#N)ccc1P(c1ccc(C#N)cc1C)c1ccc(C#N)cc1C
-0.268848247,0.188027003,0.847953572,72.102129,4.513380224660445,Cc1cc([N+](=O)[O-])ccc1P(c1ccc([N+](=O)[O-])cc1C)c1ccc([N+](=O)[O-])cc1C
-0.221279202,0.237624215,0.843232753,136.0614493,3.375299935454059,c1ccc(Cc2ccccc2P(c2ccccc2Cc2ccccc2)c2ccccc2Cc2ccccc2)cc1
-0.206745985,0.247183484,0.837511684,119.7081577,1.474170676436124,COc1ccc(P(c2ccc(OC)cc2Cc2ccccc2)c2ccc(OC)cc2Cc2ccccc2)c(Cc2ccccc2)c1
-0.22996012,0.228166916,0.862047228,128.9913666,3.923605396239857,Fc1ccc(P(c2ccc(F)cc2Cc2ccccc2)c2ccc(F)cc2Cc2ccccc2)c(Cc2ccccc2)c1
-0.240850651,0.219745149,0.866426796,124.171035,4.752887685106437,FC(F)(F)Oc1ccc(P(c2ccc(OC(F)(F)F)cc2Cc2ccccc2)c2ccc(OC(F)(F)F)cc2Cc2ccccc2)c(Cc2ccccc2)c1
-0.247546325,0.212287003,0.866705501,124.0104772,5.124233302885436,FC(F)(F)c1ccc(P(c2ccc(C(F)(F)F)cc2Cc2ccccc2)c2ccc(C(F)(F)F)cc2Cc2ccccc2)c(Cc2ccccc2)c1
-0.244931264,0.198143667,0.903332166,64.57664533,2.3539291221758774,O=Cc1ccc(P(c2ccc(C=O)cc2)C2C3CC4CC(C3)CC2C4)cc1
-0.223236475,0.208096331,0.833006717,95.70951415,-0.0628110863952216,CC(C)c1cccc(C(C)C)c1P(CCc1ccccc1)CCc1ccccc1
-0.230360203,0.213601294,0.884635895,83.90867953,1.7880300034777505,CCc1ccc(P(CC(C)(C)c2ccccc2)CC(C)(C)c2ccccc2)cc1
-0.245570062,0.201018261,0.898938736,66.07548999,2.668005554620443,C[Si](C)(C)CCOC(=O)c1ccc(P(c2ccc(Cl)cc2Cl)c2ccc(Cl)cc2Cl)cc1
-0.221751058,0.201725549,0.859614878,66.24414808,-1.297991198910303,C/C=C/CP(C/C=C/C)c1c(C)c(C)cc(C)c1C
-0.225491112,0.227217417,0.89595644,63.88955897,1.7630818135455186,Cc1ccc(C)c(P(c2ccc(CCC(F)(F)C(F)(F)C(F)(F)C(F)(F)C(F)(F)C(F)(F)C(F)(F)C(F)(F)F)cc2)c2cc(C)ccc2C)c1
-0.233965529,0.204596674,0.919146962,49.5475995,1.0496512305398014,CC(C)(C)c1ccc(P(CCC#N)c2ccc(C(C)(C)C)cc2)cc1
-0.218303153,0.209910403,0.876955039,50.29013386,-1.3614147513840251,O=C(c1ccccc1)P(/C=C/c1ccccc1)/C=C/c1ccccc1
-0.228689696,0.20731625,0.937465327,47.21267853,0.6757509717854973,Cc1cc(P(CO)c2ccc(-c3ccccc3)c(C)c2)ccc1-c1ccccc1
-0.233949267,0.155755122,0.933263826,84.39348686,-1.763797478672636,O=[N+]([O-])c1ccc(CP(Cc2ccc([N+](=O)[O-])cc2)C2c3ccccc3C=Cc3ccccc32)cc1
-0.205951825,0.237989696,0.932152568,50.72676922,-0.11948880457956079,CC(C)Oc1ccc(P(c2ccc(OC(C)C)cc2)c2ccc(OC(C)C)cc2)cc1
-0.249658397,0.201581735,0.93302368,50.70075485,3.3284919436950773,FC(F)(F)Oc1ccc(P(c2ccc(OC(F)(F)F)cc2)c2ccc(OC(F)(F)F)cc2)cc1
-0.217179655,0.231774782,0.882009337,63.24513243,0.7095042837283998,CCc1ccccc1P(c1ccc(OC(C)(C)C)cc1)c1ccc(OC(C)(C)C)cc1
-0.198296901,0.236364536,0.896840013,56.7833779,-1.6770171707362351,COc1cc(OC)cc(P(c2cc(OC)cc(OC)c2)c2ccc(N(C)C)cc2C)c1
-0.215838912,0.230978495,0.897791204,53.88057784,0.3883879758559132,Cc1ccc(P(c2ccc(C)o2)c2ccc(C)o2)c(C)c1
-0.222636902,0.225003906,0.903538937,56.66734146,1.0550615203166487,Cc1cc(C(F)(F)F)ccc1P(c1ccc2c(c1)OCCO2)c1ccc2c(c1)OCCO2
-0.255760319,0.198169009,0.872989648,69.41523942,3.680214610630067,O=[N+]([O-])c1ccc(P(c2ccc([N+](=O)[O-])cc2)c2ccccc2Cc2ccccc2)cc1
-0.225123129,0.204350272,0.892848901,58.75567707,-0.3572374378625085,CC(C)(c1ccccc1)P(c1cccc(-c2ccccc2)c1)c1cccc(-c2ccccc2)c1
-0.23932717,0.179160277,0.859871627,75.21933518,-0.3032279744769326,CC(C)=CCP(CC=C(C)C)c1ccc(C(F)(F)F)cc1C(F)(F)F
-0.203110231,0.212282749,0.73188846,94.81699903,-4.060725381899999,CC(C)c1cccc(C(C)C)c1P(C12CC3CC(CC(C3)C1)C2)C12CC3CC(CC(C3)C1)C2
-0.190629207,0.243699844,0.748869141,100.9584483,-2.9121826039330827,COc1cc(OC)c(P(c2c(C(C)C)cccc2C(C)C)c2c(C(C)C)cccc2C(C)C)c(OC)c1
-0.198144287,0.225966476,0.864306449,95.88804281,-1.8594837482728366,N#C[C-](P(C1CCCCC1)C1CCCCC1)[P+](c1ccccc1)(c1ccccc1)c1ccccc1
-0.176243762,0.245620692,0.843044309,104.981306,-3.4886471246431583,C[C-](P(C1CCCCC1)C1CCCCC1)[P+](c1ccccc1)(c1ccccc1)c1ccccc1
-0.192144647,0.239943338,0.803699648,98.96873258,-2.319120474876968,C[Si](C)(C)[C-](P(C1CCCCC1)C1CCCCC1)[P+](c1ccccc1)(c1ccccc1)c1ccccc1
-0.229003273,0.201518141,0.935261308,50.00070419,0.29708853639325383,O=c1cccc(P(c2ccccc2)c2ccccc2)[nH]1
-0.220087824,0.228328565,0.93409047,50.44380966,1.1834606151722866,Cc1cc(P(c2ccc(-c3ccccc3)c(C)c2)c2ccc(-c3ccccc3)c(C)c2)ccc1-c1ccccc1
-0.236826842,0.204025369,0.936833311,47.32243252,1.5964696010543875,OCP(c1ccccc1)c1ccccc1
-0.23918,0.23102,0.939186507,46.97053213,4.178608581238485,C#CP(c1ccccc1)c1ccccc1
-0.222108078,0.224980125,0.897880394,56.34489476,0.8901079221951207,c1ccc(P(c2ccccc2)c2cccc3ccccc23)cc1
-0.229419225,0.202992058,0.906766438,58.8311488,0.35178852310077247,Cc1cc(C)c(C(=O)P(c2ccccc2)c2ccccc2)c(C)c1
-0.242930779,0.198018048,0.917119489,49.20926395,1.7906599694736158,N#CCCP(c1ccccc1)c1ccccc1
-0.220998491,0.223793703,0.930950756,50.59139097,0.9073597739962835,C=Cc1ccc(P(c2ccc(C=C)cc2)c2ccc(C=C)cc2)cc1
-0.229282821,0.213303,0.900374476,51.40906523,0.8774843072172089,c1ccc(CCP(c2ccccc2)c2ccccc2)cc1
-0.22964,0.2384,0.940146183,46.68709197,3.386572946910441,CC(C)(C)C#CP(c1ccccc1)c1ccccc1
-0.23027,0.237603333,0.938590986,46.785407,3.395773590951613,CC#CP(c1ccccc1)c1ccccc1
-0.234519209,0.218525973,0.930524227,50.67053881,2.459062314149598,COC(=O)c1ccc(P(c2ccccc2)c2ccccc2)cc1
-0.227538584,0.217768593,0.909293377,57.1431598,1.2728891077890054,C[Si](C)(C)CP(c1ccccc1)c1ccccc1
-0.23937,0.230956667,0.924439912,46.05536556,3.976948657044666,c1ccc(-p2cccc2)cc1
-0.234806646,0.21731191,0.931386762,50.63937739,2.4123784515680526,c1ccc(P(c2ccccc2)c2cccnc2)cc1
-0.230646723,0.213271194,0.906663614,50.43331655,1.1315785210337665,C=CCCP(c1ccccc1)c1ccccc1
-0.244796155,0.183933201,0.949924792,40.21385472,1.0896821321799663,CP(CO)CO
-0.234542128,0.21776143,0.93341369,50.66240494,2.4382538033555576,Brc1cccc(P(c2ccccc2)c2ccccc2)c1
-0.23979,0.215343333,0.931498409,50.4920931,2.980584240143024,c1ccc(P(c2ccccc2)c2ccncc2)cc1
-0.230865561,0.212542738,0.913837555,50.36041869,1.1981692517564326,COCCP(c1ccccc1)c1ccccc1
-0.199096837,0.246263943,0.869342932,104.2844183,0.2560757278595034,CN(C)c1ccccc1P(c1ccccc1N(C)C)c1ccccc1N(C)C
-0.23971,0.208323333,0.933099377,50.3791354,2.4110796999761774,Brc1ccc(P(c2ccc(Br)cc2)c2ccc(Br)cc2)cc1
-0.228565881,0.218434179,0.939924355,48.84556764,1.6499349599481619,c1ccc(-c2cc(-c3ccccc3)cc(P(c3cc(-c4ccccc4)cc(-c4ccccc4)c3)c3cc(-c4ccccc4)cc(-c4ccccc4)c3)c2)cc1
-0.22695,0.220086667,0.959162864,47.67024234,1.7722960038705153,Cc1cc(C)c(-c2cc(-c3c(C)cc(C)cc3C)cc(P(c3cc(-c4c(C)cc(C)cc4C)cc(-c4c(C)cc(C)cc4C)c3)c3cc(-c4c(C)cc(C)cc4C)cc(-c4c(C)cc(C)cc4C)c3)c2)c(C)c1
-0.218660519,0.233168086,0.894644357,63.94055026,1.231183496923201,Cc1ccc(P(c2ccccc2)c2ccc(C)cc2C)c(C)c1
-0.231982076,0.211964232,0.828750019,91.13840198,1.3508056150804677,COc1ccccc1P(c1ccccc1C(F)(F)F)c1ccccc1C(F)(F)F
-0.21600276,0.216383038,0.864002386,91.92275113,-0.13949611784042304,c1ccc(C2=C(P(C3CCCCC3)C3CCCCC3)CCCC2)cc1
-0.209269865,0.223704932,0.86913829,86.05932422,-0.628853989958813,Cn1c(-c2ccccc2)c(P(C2CCCCC2)C2CCCCC2)c2ccccc21
-0.228128675,0.197675609,0.872081876,52.99288085,-0.9083686249068634,CC(C)(C)P1CCC=CCC1
-0.210115187,0.212683071,0.841375689,108.2529258,-1.1403713519795389,c1ccc(-c2cccc(-c3ccccc3)c2P(C2CCCCC2)C2CCCCC2)cc1
-0.221189551,0.201626868,0.857087671,57.43573255,-1.6770371867057108,CC(C)P(C1CCCCC1)C1CCCCC1
-0.269105075,0.175212276,0.917519027,52.29523482,3.861261794338084,CC(C)P(c1cc(C(F)(F)F)cc(C(F)(F)F)c1)c1cc(C(F)(F)F)cc(C(F)(F)F)c1
-0.216424343,0.225885631,0.933613655,50.33196784,0.4349151503489068,COc1cc(P(c2ccccc2)c2cc(OC)c(OC)c(OC)c2)cc(OC)c1OC
-0.206409334,0.223472523,0.876691726,70.16954759,-1.4260721227690851,Cn1c(-c2ccccc2P(c2ccccc2)c2ccccc2)cc2ccccc21
-0.209414815,0.238329869,0.895996156,73.60226695,0.593004940075609,Cn1c(-c2ccccc2)c(P(c2ccccc2)c2ccccc2)c2ccccc21
-0.20979648,0.238980438,0.903764059,75.54624657,0.8629187895113759,Cc1ccccc1-c1c(P(c2ccccc2)c2ccccc2)c2ccccc2n1C
-0.209871142,0.238590295,0.893150248,69.36072727,0.5206972184798744,Cn1c(-c2cccc3ccccc23)c(P(c2ccccc2)c2ccccc2)c2ccccc21
-0.203267837,0.245321259,0.897294946,77.23970403,0.38564266670685043,COc1cccc(OC)c1-c1c(P(c2ccccc2)c2ccccc2)c2ccccc2n1C
-0.222823656,0.219568718,0.913130762,52.51110493,0.6452419100275009,Cc1cc(C)cc(P(c2cc(C)cc(C)c2)C(C)C)c1
-0.224949773,0.206619295,0.877549281,55.6807728,-0.4907641638326936,CC(C)P(C1CCCC1)C1CCCC1
-0.227726601,0.20125465,0.88140838,66.33312739,-0.1631969019961872,CC(C)CP(CC(C)C)C(C)C
-0.231879528,0.216833727,0.986062708,80.10888892,3.5282727627295216,CC1=C([Si](C)(C)C)P2C([Si](C)(C)C)=C(C)C1c1ccccc12
-0.226300921,0.204300855,0.922528228,88.72802954,1.0761846089043772,C[Si](C)(C)CP(C[Si](C)(C)C)C[Si](C)(C)C
-0.214045653,0.236006509,0.932895485,50.45886179,0.9097005212106026,c1cc2c(cc1P(c1ccc3c(c1)CCCC3)c1ccc3c(c1)CCCC3)CCCC2
-0.212787787,0.237571351,0.887392324,66.83230324,0.7154568027259316,COc1ccccc1P(c1ccccc1C)c1ccccc1OC
-0.215535852,0.233583482,0.901645159,56.82094318,0.6942612603793705,COc1ccc(P(c2ccc(OC)cc2)c2ccccc2C)cc1
-0.222530786,0.228061263,0.899949518,56.60143816,1.2402258099827819,COc1cc(OC)cc(P(c2cc(OC)cc(OC)c2)c2ccccc2C)c1
-0.216783384,0.228141469,0.902845672,56.43759242,0.4361662464743077,COc1cc(P(c2cc(OC)c(OC)c(OC)c2)c2ccccc2C)cc(OC)c1OC
-0.221593016,0.230945051,0.900472868,56.81522215,1.3521965985813083,Cc1ccc(P(c2ccc(C)cc2)c2ccccc2C)cc1
-0.22108987,0.232096593,0.900549349,56.83144552,1.3742179793352207,Cc1cc(C)cc(P(c2cc(C)cc(C)c2)c2ccccc2C)c1
-0.218796426,0.232733135,0.901338921,56.64151066,1.0944535458457878,COc1c(C)cc(P(c2cc(C)c(OC)c(C)c2)c2ccccc2C)cc1C
-0.22079156,0.231391843,0.909444876,55.87404307,1.3642951492413786,Cc1ccccc1P(c1cc(C(C)(C)C)cc(C(C)(C)C)c1)c1cc(C(C)(C)C)cc(C(C)(C)C)c1
-0.246836452,0.206028032,0.897775118,57.22443074,2.993840375289629,Cc1ccccc1P(c1ccc(C(F)(F)F)cc1)c1ccc(C(F)(F)F)cc1
-0.260701914,0.190300928,0.904006395,57.16953131,3.8235485690643927,Cc1ccccc1P(c1cc(C(F)(F)F)cc(C(F)(F)F)c1)c1cc(C(F)(F)F)cc(C(F)(F)F)c1
-0.194153068,0.245376736,0.90319491,56.61955336,-1.4661003744493115,Cc1ccccc1P(c1ccc(N(C)C)cc1)c1ccc(N(C)C)cc1
-0.221619082,0.21978833,0.946158681,45.61685807,0.7303654460304116,CP(c1cc(C(C)(C)C)cc(C(C)(C)C)c1)c1cc(C(C)(C)C)cc(C(C)(C)C)c1
-0.221250671,0.230787808,0.884690646,81.25664224,1.7832849501872161,c1ccc(P(c2ccccc2C2CCCCC2)c2ccccc2C2CCCCC2)cc1
-0.239054199,0.200808937,0.91361928,48.23520506,1.374718141777528,ClCP(c1ccccc1)c1ccccc1
-0.231385853,0.216379841,0.888498502,73.78921624,1.9262359923435568,C[Si](C)(C)C(P(c1ccccc1)c1ccccc1)[Si](C)(C)C
-0.226182957,0.210846351,0.92363917,52.8260392,0.5735197864162487,CC(C)=CCP(c1ccccc1)c1ccccc1
-0.22243,0.228886667,0.932199371,50.61132623,1.5529713686209803,Cc1ccc(P(c2ccccc2)c2ccc(C)cc2)cc1
-0.23936,0.214,0.931498312,50.6719887,2.8123599049091936,FC(F)(F)c1ccc(P(c2ccccc2)c2ccccc2)cc1
-0.227955791,0.224542731,0.932254956,50.65463105,2.010769300567965,COC(OC)c1ccc(P(c2ccccc2)c2ccccc2)cc1
-0.226323241,0.226210318,0.932069523,50.61493933,1.9039939278887843,c1ccc(P(c2ccccc2)c2ccc(C3OCCCO3)cc2)cc1
-0.228056785,0.215394124,0.897347732,51.85833048,0.8411973614844825,CCCCCCCP(c1ccccc1)c1ccccc1
-0.22464,0.25271,0.926210488,42.34972536,3.5133654119043953,CC(C)(C)C#CP(C#CC(C)(C)C)c1ccccc1
-0.228631749,0.215433392,0.898787518,51.89999496,0.9494609972081705,CCCCCCCCP(c1ccccc1)c1ccccc1
-0.240829279,0.180831937,0.866042664,70.13148418,-0.009446525046172383,Cc1cc(C)c(C(=O)P(C(=O)c2c(C)cc(C)cc2C)c2ccccc2)c(C)c1
-0.23312,0.204816667,0.898494636,65.76857648,1.1348519324812756,Clc1c(Cl)c(Cl)c(P(c2ccccc2)c2ccccc2)c(Cl)c1Cl
-0.225527161,0.226149797,0.875625115,60.9289668,1.3223316664946978,CC(C)c1ccccc1P(c1ccccc1)c1ccccc1
-0.22324907,0.206160279,0.89473437,54.72914606,-0.5752149117060199,c1ccc(P(CCOc2ccc(C3SCCCS3)cc2)c2ccccc2)cc1
-0.227230419,0.20424308,0.884948711,51.76710262,-0.3642532474028499,Brc1ccc(SCCP(c2ccccc2)c2ccccc2)cc1
-0.229817662,0.238038652,0.939424217,46.7057167,3.3738858124187274,CC(C)C#CP(c1ccccc1)c1ccccc1
-0.203847138,0.226307629,0.874361985,66.8542432,-1.6971226445531542,Cc1c(P(c2ccccc2)c2c(C)c3ccccc3n2C)n(C)c2ccccc12
-0.224707815,0.208642296,0.872034895,61.85832231,-0.255886816485436,CC(C)(CCc1ccccc1)P(c1ccccc1)c1ccccc1
-0.228450773,0.205155526,0.879497897,53.06624641,-0.1456492975137209,CC=C(C)C(=O)P(c1ccccc1)c1ccccc1
-0.213299707,0.233819608,0.905074688,61.38574091,0.5628767169826077,COc1cccc(OC)c1P(c1ccccc1)c1ccccc1
-0.231185604,0.211843316,0.921636956,49.18061921,1.2584330225521754,COCP(c1ccccc1)c1ccccc1
-0.236167068,0.19476422,0.8951147,53.82195136,0.36741680922146003,COCP(COC)c1ccccc1
-0.221768219,0.225504577,0.922647303,51.44551463,1.0740876243321154,CC(=Cc1ccccc1)P(c1ccccc1)c1ccccc1
-0.223994546,0.205073502,0.925265185,50.92883273,-0.25477863258216615,c1ccc(P(Cc2ccco2)c2ccccc2)cc1
-0.291837179,0.117795164,0.892752602,71.83833686,2.7238081708562376,FC(F)(F)C(F)(F)C(F)(F)P(c1ccccc1)C(F)(F)C(F)(F)C(F)(F)F
-0.22376294,0.208243753,0.888582038,51.70641321,-0.49865815234750954,c1ccc(SCCP(c2ccccc2)c2ccccc2)cc1
-0.225134938,0.227502274,0.898428657,59.65045839,1.644810939323584,CCCCC=CP(c1ccccc1)c1ccccc1
-0.200883609,0.223652744,0.824267596,73.27206853,-2.837558454622176,c1ccc(P(c2c3ccccc3cc3ccccc23)c2c3ccccc3cc3ccccc23)cc1
-0.228689217,0.215793722,0.879802486,56.09776133,0.8539096527012404,CC(C)CP(c1ccccc1)c1ccccc1
-0.234937797,0.209076644,0.909773809,63.0355897,1.8240048267948836,CC(C)CP(CC(C)C)c1ccccc1
-0.227419018,0.215043492,0.875330501,61.06592605,0.6891655759587465,CC(C)(C)CP(c1ccccc1)c1ccccc1
-0.233383357,0.209701302,0.900665967,51.22528589,1.1832953641232322,ClCCCP(c1ccccc1)c1ccccc1
-0.200382803,0.20661198,0.887693777,61.40086653,-3.800905396574265,CC1=C(C)C(C)(P(c2ccccc2)c2ccccc2)C(C)=C1C
-0.235337698,0.203042763,0.921760198,52.67972937,1.2494173551626275,c1ccc(P(Cc2cccnc2)c2ccccc2)cc1
-0.225149514,0.226907099,0.932495099,50.61129234,1.7942498673497127,CC(C)(C)c1ccc(P(c2ccccc2)c2ccccc2)cc1
-0.228326157,0.224152909,0.93250819,50.57226008,2.0342431350565064,c1ccc(P(c2ccccc2)c2ccc([Si](c3ccccc3)(c3ccccc3)c3ccccc3)cc2)cc1
-0.213761173,0.232893334,0.904573168,54.3659654,0.3451597263252708,COc1ccc(P(c2ccccc2)c2ccccc2)c(OC)c1
-0.20322233,0.240846928,0.910304162,59.02792101,-0.3396994325945144,COc1ccc(P(c2ccccc2)c2ccc(OC)cc2OC)c(OC)c1
-0.222591025,0.210227976,0.921234047,52.31839458,-0.05212876945962819,COc1ccc(CP(c2ccccc2)c2ccccc2)cc1
-0.218845549,0.199706677,0.8751282,57.57398182,-1.9329573157534767,COc1ccc(CP(Cc2ccc(OC)cc2)c2ccccc2)cc1
-0.232660833,0.211619599,0.906427891,50.0196419,1.2769976435110024,COC(=O)CCP(c1ccccc1)c1ccccc1
-0.244169376,0.199728948,0.911629807,61.58931846,2.397084062671759,COC(=O)CCP(CCC(=O)OC)c1ccccc1
-0.221620715,0.227052494,0.8740867,82.86814443,1.4354213745269888,c1ccc(P(c2ccccc2)c2ccccc2-c2cc3ccccc3c3ccccc23)cc1
-0.229466712,0.223476628,0.937080139,49.97768811,2.190593556909498,c1ccc(P(c2ccccc2)c2ccsc2)cc1
-0.208935571,0.236945973,0.908023451,70.68110322,0.4860674649902492,COc1ccc(P(c2ccccc2)c2ccc(OC)c(OC)c2OC)c(OC)c1OC
-0.225151597,0.226686516,0.932041815,50.65100017,1.7715203926850265,CCCCc1ccc(P(c2ccccc2)c2ccccc2)cc1
-0.23488,0.23557,0.939663035,46.87012528,3.923383723124367,C[Si](C)(C)C#CP(c1ccccc1)c1ccccc1
-0.22679947,0.205971395,0.904325149,53.54124222,0.025563949835309074,CSCP(c1ccccc1)c1ccccc1
-0.183160431,0.204750974,0.926031193,50.44090894,-6.287064310953269,C1=CSC(=C2SC=C(P(C3=CSC(=C4SC=CS4)S3)c3ccccc3)S2)S1
-0.221987782,0.204085551,0.913467009,58.36428825,-0.5743488956089848,c1ccc(SCP(c2ccccc2)c2ccccc2)cc1
-0.220514983,0.185550778,0.893332166,62.93240252,-2.4498548486891636,c1ccc(SCP(CSc2ccccc2)c2ccccc2)cc1
-0.209928888,0.237606557,0.903790438,61.72204745,0.3706031664955205,COc1cc(OC)c(P(c2ccccc2)c2ccccc2)c(OC)c1
-0.227506996,0.214694303,0.910725182,57.04205471,1.0323072929410202,C[Sn](C)(C)CCP(c1ccccc1)c1ccccc1
-0.213778422,0.219643784,0.890469155,59.67279906,-0.7753951194193718,Cc1c(P(c2ccccc2)c2[nH]c3ccccc3c2C)[nH]c2ccccc12
-0.205346151,0.22992492,0.840395761,87.00428206,-1.0537694512165743,Cc1c(P(c2ccccc2)c2c(C)c3ccccc3n2Cc2ccccc2)n(Cc2ccccc2)c2ccccc12
-0.229599583,0.222524483,0.928329377,50.20677429,2.0211561595476795,c1ccc(P(c2ccccc2)c2cccc([Si](c3ccccc3)(c3ccccc3)c3ccccc3)c2)cc1
-0.226283512,0.225302574,0.877593966,57.06411506,1.2787571340198909,C=Cc1ccccc1P(c1ccccc1)c1ccccc1
-0.30081,0.180476667,0.955020261,44.63711884,9.235481383852324,N#CP(C#N)c1ccccc1
-0.221987032,0.228016555,0.931563974,50.71613526,1.4109701731696944,CC(C)(C)[Si](C)(C)Oc1ccc(P(c2ccccc2)c2ccccc2)cc1
-0.228133588,0.212951379,0.877796207,55.8629506,0.5053183518437478,BrCCCCCCCP(c1ccccc1)c1ccccc1
-0.224106395,0.228152165,0.869905147,94.63204137,2.174755972879744,CC(C)c1ccccc1-c1ccccc1P(c1ccccc1)c1ccccc1
-0.221192033,0.225611884,0.872488159,65.25428199,0.7238560706958239,CCCCC(=Cc1ccccc1)P(c1ccccc1)c1ccccc1
-0.22281886,0.225550311,0.932115637,50.64705484,1.3362970058424608,CC(C)(C)c1ccc(-c2ccc(P(c3ccccc3)c3ccccc3)cc2)cc1
-0.24847,0.20397,0.935199596,50.81527764,3.3822831653321046,FC(F)(F)C(F)(F)C(F)(F)C(F)(F)C(F)(F)C(F)(F)c1cc(P(c2ccccc2)c2ccccc2)cc(C(F)(F)C(F)(F)C(F)(F)C(F)(F)C(F)(F)C(F)(F)F)c1
-0.225751864,0.22601177,0.927117946,51.54206227,1.7640389337659386,CCO[Si](CCc1ccc(P(c2ccccc2)c2ccccc2)cc1)(OCC)OCC
-0.227985879,0.218152938,0.896120639,113.6914087,2.8271365373061954,c1ccc(P(CC[Sn](c2ccccc2)(c2ccccc2)c2ccccc2)c2ccccc2)cc1
-0.229272806,0.215942273,0.918729259,49.02645234,1.2701033805228477,C=CCCCC(C)(C)CCP(c1ccccc1)c1ccccc1
-0.230291229,0.237618532,0.937446116,46.58930822,3.3791072184037816,CCCCC#CP(c1ccccc1)c1ccccc1
-0.210528296,0.231263251,0.870578764,65.41764227,-0.4007858449106152,C(=C(C(=CP(c1ccccc1)c1ccccc1)c1ccccc1)c1ccccc1)c1ccccc1
-0.229153317,0.214772824,0.894714673,54.78673783,1.0006580345304243,c1ccc(P(CC2OCCCCCO2)c2ccccc2)cc1
-0.228293847,0.21704689,0.906104506,59.07922577,1.3378189009767922,C=C[Si](C)(C)CP(c1ccccc1)c1ccccc1
-0.22801452,0.214455243,0.908396101,53.75523046,0.9610644520021836,CC(C)OCCP(c1ccccc1)c1ccccc1
-0.225337591,0.226399792,0.927940129,51.19453448,1.7359788942798886,CCCCCCCCc1ccc(P(c2ccccc2)c2ccccc2)cc1
-0.228061024,0.206938424,0.920748206,52.27680428,0.4742574362006806,c1ccc(-c2ccc(CP(c3ccccc3)c3ccccc3)cc2)cc1
-0.228212475,0.219460777,0.925637542,49.80161998,1.518063466752288,COc1cccc(P(c2ccccc2)c2ccccc2)n1
-0.222778038,0.229922773,0.904594628,76.02071768,2.0527147972782487,C[Si](C)(C)Oc1ccccc1P(c1ccccc1)c1ccccc1
-0.228925489,0.214781508,0.898732352,55.67087203,1.047358599965598,CO[Si](CCP(c1ccccc1)c1ccccc1)(OC)OC
-0.22926294,0.216090615,0.890537616,49.24153533,0.9086100344999082,CC(C)(C)CCP(c1ccccc1)c1ccccc1
-0.227895043,0.217134582,0.875915134,59.32547468,0.888265348711009,c1ccc(P(CC[Si](c2ccccc2)(c2ccccc2)c2ccccc2)c2ccccc2)cc1
-0.229760654,0.214237078,0.896147672,71.07612493,1.5358392846630622,CCO[Si](CP(c1ccccc1)c1ccccc1)(OCC)OCC
-0.227672532,0.215602097,0.902456117,52.71426348,0.8950831390893299,C[Si](C)(C)CCCP(c1ccccc1)c1ccccc1
-0.228554631,0.212994355,0.902645095,57.27848339,0.9451862342371626,c1ccc(P(CC2OCCO2)c2ccccc2)cc1
-0.204376087,0.220322121,0.932651335,49.9609449,-1.8161082063394502,c1ccc(P(c2ccccc2)c2ccc(-c3ccc(-c4cccs4)s3)s2)cc1
-0.204503991,0.222491827,0.900529413,64.85300149,-1.6202148654823176,c1ccc(P(c2ccccc2)c2cc(-c3cccs3)sc2-c2cccs2)cc1
-0.228702493,0.21646113,0.899743007,63.22159305,1.3841117707891541,CCO[Si](C)(C)CP(c1ccccc1)c1ccccc1
-0.223378594,0.236463866,0.936351475,46.53518309,2.2520575955392204,Cc1ccc(C#CP(c2ccccc2)c2ccccc2)cc1
-0.227690041,0.215106123,0.902200801,53.5789845,0.8785196139277573,c1ccc(P(CC2OCCCO2)c2ccccc2)cc1
-0.227760258,0.2246165,0.896164852,65.48597059,1.93213522569841,COC(OC)c1ccccc1P(c1ccccc1)c1ccccc1
-0.213005808,0.224915986,0.891755483,57.73564288,-0.4950888584165156,CCSC=C(c1ccccc1)P(c1ccccc1)c1ccccc1
-0.206202123,0.229698559,0.89522175,56.56444144,-1.0900410506886047,CN(C)c1ccc(P(c2ccccc2)c2ccccc2)c2ccccc12
-0.224875972,0.221694746,0.91394456,58.36066069,1.301266081995685,c1ccc(P(c2ccccc2)c2cccc3c2sc2ccccc23)cc1
-0.20803633,0.224949737,0.899630341,56.12359106,-1.163626924128181,c1ccc(P(c2ccccc2)c2cccc3cc4ccccc4cc23)cc1
-0.227847867,0.222678734,0.91753177,52.70510219,1.703576556534209,c1ccc(P(c2ccccc2)c2cccc3c2oc2ccccc23)cc1
-0.228762179,0.20557546,0.909612657,56.08496747,0.42603730742145984,CCC#CC(C)(C)P(c1ccccc1)c1ccccc1
-0.230122449,0.213042186,0.886116602,56.55219753,0.9367037695014417,COC(CP(c1ccccc1)c1ccccc1)OC
-0.22586269,0.198441675,0.885609773,63.77522807,-0.6854670464597987,CCCCP(CCCC)C(C)(C)C
-0.225811079,0.204054437,0.908898219,57.45527164,-0.10252593746038485,CCCCP(CCCC)C1CCCCC1
-0.226851738,0.198413695,0.882723145,56.94671623,-0.7784249820104137,CCCCP(C(C)C)C(C)C
-0.243832115,0.181650826,0.897212362,47.47552456,0.2629422342314669,CCCCP(CO)CO
-0.232067241,0.196175887,0.897564009,49.92202619,-0.19917170309143017,C=CCP(CCCC)CCCC
-0.235780356,0.209988731,0.901560527,56.8876617,1.734806685341134,C=CP(CCCC)CCCC
-0.220680697,0.209681783,0.878765057,77.19858299,-0.22897393704256785,CCCCP(CCCC)c1ccccc1-c1ccccc1
-0.245747445,0.187783744,0.889735952,52.59947763,1.095339252081338,CCCCP(CCCC)C(=O)OC
-0.228256435,0.203180783,0.91274388,82.16276627,0.9506942670672132,CCCCP(CCCC)CCC[Sn](C)(C)C
-0.229052838,0.203039502,0.917201789,91.29072687,1.3797271471986576,CCCCP(CCCC)CC[Sn](C)(C)C
-0.221838349,0.213627357,0.8542149,69.88356863,-0.2759846766942644,Cc1ccccc1P(c1ccccc1C)C(C)(C)C
-0.221187564,0.197891086,0.786872341,73.45161231,-2.4636403103976505,CC(C)(C)P(c1cccc2ccccc12)C(C)(C)C
-0.227511406,0.196584002,0.870940704,54.45113996,-1.0618479541715118,CCP(CC)C(C)(C)C
-0.226689051,0.184205352,0.838944897,61.01576314,-2.4381862055004575,C=CCP(C(C)(C)C)C(C)(C)C
-0.235161189,0.183653718,0.877638893,53.83712888,-0.9261667798146647,C=CCP(CC=C)C(C)(C)C
-0.22366,0.243183333,0.935352977,46.54380303,2.83158056800621,CC(C)(C)C#CP(C#CC(C)(C)C)C(C)(C)C
-0.24503,0.22696,0.936290333,46.69127559,4.65841447441634,C#CP(C#C)C(C)(C)C
-0.21076,0.20011,0.773554144,81.27411299,-3.7670496230133566,Cc1cc(C)c(P(C(C)(C)C)C(C)(C)C)c(C)c1
-0.20555,0.207116667,0.825042126,75.95987144,-3.4203573569103938,COc1cccc(OC)c1P(C(C)(C)C)C(C)(C)C
-0.23317999,0.214216342,0.895844089,51.76678252,1.4747694374920357,C=CP(C=C)C(C)(C)C
-0.231172983,0.211410194,0.899312511,54.02547511,1.061348305041598,CC(C)(C)P(c1ccco1)c1ccco1
-0.222738801,0.190090155,0.84556692,73.6697687,-2.0814921772834865,CC(C)(C)P(CCc1ccccc1)C(C)(C)C
-0.231619323,0.171796159,0.82319407,59.72500929,-2.9803737473934646,CC(=O)P(C(C)(C)C)C(C)(C)C
-0.222129282,0.190974093,0.846491526,68.67725134,-2.2303899145088906,CC(C)(C)P(CC1CCC1)C(C)(C)C
-0.215895473,0.218954389,0.880359385,56.68180481,-0.7429065943757749,CCOC#CP(C(C)(C)C)C(C)(C)C
-0.223044898,0.212490177,0.881283373,56.80634013,-0.20641782277093768,CC(C)(C)P(C#COc1ccccc1)C(C)(C)C
-0.226083533,0.175709307,0.800243267,71.49815286,-3.44091817038521,CC(C)(C)P(C(c1ccccc1)c1ccccc1)C(C)(C)C
-0.252002761,0.15554331,0.814066132,64.72688813,-1.2958288686255912,CC(C)(C)P(C(=O)C(F)(F)F)C(C)(C)C
-0.218653264,0.189942068,0.822848984,71.71158145,-3.055684019578628,COc1ccc(C)cc1CP(C(C)(C)C)C(C)(C)C
-0.222152482,0.21504431,0.867886725,54.88491886,-0.3633723566781981,COc1ccc(P(C2CCCCC2)C2CCCCC2)cc1
-0.212534785,0.204221232,0.82729238,64.30128587,-2.9378939816287755,C1CCC(P(C23CC4CC(CC(C4)C2)C3)C23CC4CC(CC(C4)C2)C3)CC1
-0.227248837,0.202757343,0.88699788,50.21622545,-0.5007479412844731,CCP(CC)C1CCCCC1
-0.228628649,0.209791534,0.888858866,54.58281013,0.43034095298606445,CC(C)c1cc(C(C)C)c(-c2cccc(P(C3CCCCC3)C3CCCCC3)c2)c(C(C)C)c1
-0.22550808,0.213103435,0.869232971,55.78000908,0.014539155192885289,Cc1ccc(P(C2CCCCC2)C2CCCCC2)cc1
-0.221373209,0.215178806,0.880994735,58.67294564,-0.18148089911330345,COc1ccccc1P(C1CCCCC1)C1CCCCC1
-0.226873603,0.201437415,0.896601594,54.93197157,-0.3990364511926501,COCCP(C1CCCCC1)C1CCCCC1
-0.226495511,0.197729686,0.888555455,59.79843981,-0.7262247066996537,C=C(C)CP(C1CCCCC1)C1CCCCC1
-0.230274785,0.212014141,0.884730152,54.3405665,0.792237203569023,C=CP(C1CCCCC1)C1CCCCC1
-0.244347077,0.193477839,0.876976394,55.78404366,1.27742296234063,O=[N+]([O-])c1ccc(P(C2CCCCC2)C2CCCCC2)cc1
-0.223426679,0.205865473,0.895981995,83.68711888,0.2801032833681134,CCO[Si](CCP(C1CCCCC1)C1CCCCC1)(OCC)OCC
-0.219538272,0.228317107,0.893973444,51.6620732,0.5984346385794694,COC#CP(C1CCCCC1)C1CCCCC1
-0.191358621,0.23832564,0.867026973,69.70808005,-2.5627108296358614,COc1cc(OC)c(P(c2c(OC)cc(OC)cc2OC)C2CCCCC2)c(OC)c1
-0.224782323,0.203994399,0.89409973,64.62626017,-0.25012616803384446,C[Sn](C)(C)CCCP(C1CCCCC1)C1CCCCC1
-0.218516049,0.213735448,0.856100884,89.55100688,-0.16189739125606195,Cc1ccc(-c2ccccc2P(C2CCCCC2)C2CCCCC2)c(C)c1
-0.251403845,0.183999359,0.874859935,54.07238688,1.4591152999936625,CC(C)P(c1cc(C(F)(F)F)cc(C(F)(F)F)c1)C(C)C
-0.265259328,0.168421495,0.913793494,48.64258185,2.583286517623513,CP(CCC#N)CCC#N
-0.233454143,0.207333487,0.910298158,52.42830053,1.1634812994481152,Cc1ccccc1P(C)C
-0.236949365,0.188813542,0.928997228,53.12469682,0.42883983968705053,CP(Cc1ccccc1)Cc1ccccc1
-0.310320423,0.106397837,0.929446186,57.38975113,4.58055514353908,CP(C(F)(F)C(F)(F)F)C(F)(F)C(F)(F)F
-0.250080783,0.186671618,0.941535143,40.40543608,1.9840412458015422,CP(C)CCl
-0.265851932,0.166941175,0.906253701,43.24196069,2.2916896672263434,CP(CCl)CCl
-0.258307623,0.179755163,0.939984692,49.15879588,2.857876981537707,CP(C)c1c(F)c(F)c(F)c(F)c1F
-0.236454791,0.194235068,0.947581412,42.00737132,0.7292287819687076,C=CCP(C)C
-0.225670417,0.198336451,0.918331179,65.45232538,-0.2346736514901835,CP(C)C([Si](C)(C)C)[Si](C)(C)C
-0.214527386,0.222474983,0.941350653,46.2622342,-0.13746971529275243,CP(c1cccc(N)c1)c1cccc(N)c1
-0.230968639,0.203127543,0.923126179,49.68496314,0.5459979848901568,CCCP(C)CCC
-0.232427669,0.202555868,0.926581023,47.41134181,0.6942357254810858,CCCCCCCCP(C)C
-0.230654402,0.204842566,0.927134674,45.48849639,0.5730864949127792,CCO[Si](CCCP(C)C)(OCC)OCC
-0.233218414,0.201470459,0.938808679,44.18533676,0.7923399138517269,COCCP(C)C
-0.232303055,0.203215057,0.930378142,49.22729618,0.833440901688455,CCO[Si](CCP(C)C)(OCC)OCC
-0.235526518,0.199203167,0.960492822,42.31535266,1.1826195075223538,CP(C)CO[Si](C)(C)C
-0.200526755,0.194455291,0.926946262,55.37683343,-4.4243144877766625,CC1=C(C)C(C)(P(C)C)C(C)=C1C
-0.22538617,0.207083836,0.918441467,65.81933602,0.45333041800495977,COCCCP(C)CCCOC
-0.254861562,0.179176969,0.930234134,47.83437783,2.134766942703841,CC(=O)OCP(C)COC(C)=O
-0.221319792,0.212389934,0.8840385,105.9550947,0.9887802727266077,Cc1cc(C)c(C(c2cc(C)cc(C)c2P(C)C)c2c(C)cc(C)cc2C)c(C)c1
-0.264970874,0.167377427,0.923901497,48.6800185,2.591990665397681,CP(C)C(=O)C(C(F)(F)F)C(F)(F)F
-0.27649,0.181916667,0.957195242,39.83014105,5.669263420856659,CP(C)C#N
-0.230934279,0.207349748,0.942840348,52.35421094,1.229119973910933,CP(C)C[Sn](C)(C)C
-0.303628731,0.114943803,0.935165819,50.3645068,4.1719538510179675,CC(C)P(C(F)(F)F)C(F)(F)F
-0.229291583,0.204749785,0.873152659,64.41509747,0.1873631632269266,Cc1ccccc1P(C(C)C)C(C)C
-0.226164813,0.21632108,0.86564864,68.19847706,0.6857485460016406,Cc1ccccc1P(c1ccccc1C)C(C)C
-0.227473071,0.197341555,0.872942083,53.49526142,-1.0060792421800215,CCP(C(C)C)C(C)C
-0.230050997,0.177379654,0.843655744,62.68685093,-2.3925440049070517,CC(C)P(C(=O)C(C)(C)C)C(C)C
-0.227044779,0.198131602,0.880607512,56.52369185,-0.8138168666042063,CCCP(C(C)C)C(C)C
-0.230251775,0.205162879,0.87948945,54.16953608,0.1514373715862618,COC(OC)c1ccc(P(C(C)C)C(C)C)cc1
-0.229275625,0.206776166,0.887867376,54.35544308,0.25815548620088435,CC(C)P(c1ccc(C2OCCCO2)cc1)C(C)C
-0.224054078,0.195690342,0.88620368,59.89147899,-1.2812827314250939,CC(C)P(CN(C)C)C(C)C
-0.227258201,0.19701098,0.895160537,55.59064528,-0.7059972064944589,COCCP(C(C)C)C(C)C
-0.225150368,0.203652405,0.8509282,71.83060644,-0.5954507950161343,Cc1ccc2ccccc2c1P(C(C)C)C(C)C
-0.228313739,0.196332377,0.880441974,60.03972304,-0.675557304841881,CC(C)P(CCc1ccccc1)C(C)C
-0.235539663,0.181888148,0.862296211,52.76294633,-1.2523837323949678,CC(=O)P(C(C)C)C(C)C
-0.231157201,0.204386384,0.879509313,54.24073941,0.22313599800529715,CC(C)P(c1ccc([Si](c2ccccc2)(c2ccccc2)c2ccccc2)cc1)C(C)C
-0.223114391,0.201277825,0.876529892,60.60344394,-1.0702497096707546,CC(C)P(CCCN(C)C)C(C)C
-0.229423225,0.188726745,0.869865321,60.06561823,-1.2777283028267377,CCOC(OCC)P(C(C)C)C(C)C
-0.22804369,0.217735106,0.896619602,49.85486259,0.9636858997634405,CC(C)P(C#COc1ccccc1)C(C)C
-0.222182114,0.223222804,0.896279974,49.70224334,0.5434040994325287,COC#CP(C(C)C)C(C)C
-0.258253251,0.165738806,0.839600292,57.01076603,0.5792360233366267,CC(C)P(C(=O)C(F)(F)F)C(C)C
-0.229040587,0.205885821,0.890607576,54.23799274,0.1839474130714862,CC(C)P(c1cccc([Si](c2ccccc2)(c2ccccc2)c2ccccc2)c1)C(C)C
-0.229701868,0.192332566,0.887181788,60.21019275,-0.7043003835319368,CC(C)P(CN1CCOCC1)C(C)C
-0.259030027,0.164365729,0.823471558,62.34828396,0.5184617394826674,CC(C)P(C(=O)C(C(F)(F)F)C(F)(F)F)C(C)C
-0.265267595,0.184454233,0.907676448,49.35526834,3.8384250531448387,CC(C)P(C#N)C(C)C
-0.220232797,0.224649035,0.895486792,49.65599839,0.3619186442807134,CCCCOC#CP(C(C)C)C(C)C
-0.267008337,0.16290898,0.845639896,67.54776976,2.0194308276705684,CC(C)P(C(F)=C(C(F)(F)F)C(F)(F)F)C(C)C
-0.24856639,0.202656191,0.932969312,50.50158052,3.2496550917004683,c1cncc(P(c2cccnc2)c2cccnc2)c1
-0.33563722,0.065604522,0.943331908,52.06763422,4.9873910580543495,FC(F)(F)P(C(F)(F)F)C(F)(Cl)Cl
-0.222698799,0.239672126,0.904002301,59.02748041,2.342057536669266,Cc1ccccc1P(C#Cc1ccccc1)c1ccccc1C
-0.222524372,0.231233401,0.894782619,63.95450673,1.642635842492517,Cc1ccc(P(c2ccccc2C)c2ccccc2C)cc1
-0.243517896,0.184331834,0.90820885,42.94566078,0.45346024124500417,CCP(CO)CO
-0.237803315,0.187776027,0.917615098,44.07895607,0.05509593829303583,OCP(CO)c1ccc(O)cc1
-0.216843121,0.242383675,0.932905579,47.73900508,1.765670026194961,COc1ccc(P(C#Cc2ccccc2)c2ccc(OC)cc2)cc1
-0.211126788,0.236550076,0.900965375,54.69921337,0.21916961746088504,COc1ccc(P(c2ccc(OC)cc2)c2ccccc2OC)cc1
-0.23314,0.226753333,0.937461814,47.39830713,2.9299573929504774,Fc1ccc(P(C#Cc2ccccc2)c2ccc(F)cc2)cc1
-0.232767226,0.194709479,0.918453452,50.94253266,0.09329309561917398,CCP(CC)Cc1ccccc1
-0.255765227,0.181339691,0.903432336,55.6689541,2.311622371003658,CCP(CC)c1c(F)c(F)c(F)c(F)c1F
-0.236668669,0.209659289,0.906386941,47.72396623,1.638375419101628,C=CP(CC)CC
-0.235386013,0.20682464,0.90315167,49.02321835,1.2113780382089132,C=Cc1ccc(P(CC)CC)cc1
-0.226853183,0.222595351,0.924827639,44.61113535,1.414616310477264,CCC#CP(CC)CC
-0.26116,0.192843333,0.932394666,55.58983239,4.434905324650664,Fc1c(F)c(F)c(P(C#Cc2ccccc2)c2c(F)c(F)c(F)c(F)c2F)c(F)c1F
-0.22168,0.23937,0.934717024,47.38366447,2.2434045637660844,Cc1ccc(P(C#Cc2ccccc2)c2ccc(C)cc2)cc1
-0.246133306,0.214434986,0.938442338,46.05626365,3.8034799746941204,FC(F)(F)c1ccc(P(C#Cc2ccccc2)c2ccc(C(F)(F)F)cc2)cc1
-0.2141691,0.245340998,0.9184648,54.06083086,1.6040745567167036,COc1ccccc1P(C#Cc1ccccc1)c1ccccc1OC
-0.21047,0.24348,0.882914925,64.67769793,0.7372128938828766,Cc1cc(C)c(P(C#Cc2ccccc2)c2c(C)cc(C)cc2C)c(C)c1
-0.201350019,0.249454107,0.889212339,59.53750745,-0.17710639522839955,COc1cccc(OC)c1P(C#Cc1ccccc1)c1c(OC)cccc1OC
-0.236826494,0.21143277,0.911285405,49.59266462,1.9268273789310726,C=CP(C=C)Cc1ccccc1
-0.267039829,0.159794578,0.903034711,58.69459759,2.283180592720079,CCCP(CCC)C(F)(F)C(F)(F)F
-0.302584593,0.109289771,0.8979905,70.93209298,3.649800537689522,CC(C)CP(C(F)(F)C(F)(F)F)C(F)(F)C(F)(F)F
-0.228082914,0.203431458,0.920499033,78.46710752,0.9430823350490343,C=CCCCP(CCCC=C)CCCC=C
-0.215281406,0.20127459,0.969109956,40.76765839,-1.5522009352694255,CC(C)c1nc(P(c2ncc[nH]2)c2nc(C(C)C)c(C(C)C)[nH]2)[nH]c1C(C)C
-0.233860442,0.149520433,0.858596312,61.55287471,-3.9505975578149233,O=C(c1cccc2ccccc12)P(C(=O)c1cccc2ccccc12)C(=O)c1cccc2ccccc12
-0.241640039,0.147489944,0.883229839,72.64009859,-2.3227105434776973,CC(C)(C)C(=O)P(C(=O)C(C)(C)C)C(=O)C(C)(C)C
-0.280366149,0.147490789,0.892255508,46.38156439,2.732016367939032,ClCP(CCl)CCl
-0.26278,0.19296,0.932596653,55.20075585,4.674063656532702,CC#CP(c1c(F)c(F)c(F)c(F)c1F)c1c(F)c(F)c(F)c(F)c1F
-0.260360508,0.197032252,0.926605481,55.83317699,4.590401726982201,COC#CP(c1c(F)c(F)c(F)c(F)c1F)c1c(F)c(F)c(F)c(F)c1F
-0.227658055,0.197664195,0.863249708,65.43616761,-0.7375261135461315,C=CCP(CC=C)c1c(C)cc(C)cc1C
-0.225490015,0.223768922,0.907100131,50.38824141,1.2394873884989792,CCC#CP(CCC)CCC
-0.25587,0.172763333,0.811570401,90.98115408,1.4104919467679693,Clc1c(Cl)c(Cl)c(P(c2c(Cl)c(Cl)c(Cl)c(Cl)c2Cl)c2c(Cl)c(Cl)c(Cl)c(Cl)c2Cl)c(Cl)c1Cl
-0.200540854,0.168723711,0.860870776,42.04377071,-7.805628848742629,Cc1cc(C)cc(NCP(CNc2cc(C)cc(C)c2)CNc2cc(C)cc(C)c2)c1
-0.227423614,0.202494136,0.90496156,68.35816274,0.26863672903284197,C=CCCCCP(CCCCC=C)CCCCC=C
-0.21921,0.239843333,0.884607402,64.4695629,1.74018949041362,C#CP(c1c(C)cc(C)cc1C)c1c(C)cc(C)cc1C
-0.22199245,0.215540879,0.849216697,85.52138996,0.28837985852050707,Cc1cc(C)c(P(C[Si](C)(C)C)C[Si](C)(C)C)c(C)c1
-0.215386924,0.194241363,0.915587193,61.87069837,-2.222499620744898,CN(C)CP(CN(C)C)CN(C)C
-0.244208082,0.209580955,0.898048588,56.95237255,2.8948276624645572,Cc1ccc(C)c(P(c2ccncc2)c2ccncc2)c1
-0.26192,0.195776667,0.935611178,49.88233069,4.665562043763593,c1cc(P(c2ccncc2)c2ccncc2)ccn1
-0.222347213,0.212499539,0.945630713,44.66087291,0.2046562212769416,CC(C)c1ncc(P(c2cnc(C(C)C)[nH]2)c2cnc(C(C)C)[nH]2)[nH]1
-0.338107901,0.047854263,0.910920911,76.39838437,4.162078917437519,FC(F)(F)C(F)(F)C(F)(F)P(C(F)(F)C(F)(F)C(F)(F)F)C(F)(F)C(F)(F)C(F)(F)F
-0.19533,0.234093333,0.725989806,88.94164001,-3.6637333009252018,c1ccc2c(P(c3c4ccccc4cc4ccccc34)c3c4ccccc4cc4ccccc34)c3ccccc3cc2c1
-0.223786369,0.216383809,0.917564206,88.1843835,1.6156163820511935,c1ccc(Cn2ccnc2P(c2nccn2Cc2ccccc2)c2nccn2Cc2ccccc2)cc1
-0.20316023,0.236647066,0.918745254,66.71126684,-0.35811950437850015,COc1ccc(OC)c(P(c2cc(OC)ccc2OC)c2cc(OC)ccc2OC)c1
-0.227233212,0.210374412,0.92044011,50.00042625,0.5645904352781272,COCCCP(CCCOC)CCCOC
-0.29796,0.14148,0.914548058,65.54266108,5.677725949632766,Fc1c(F)c(C(F)(F)F)c(F)c(F)c1P(c1c(F)c(F)c(C(F)(F)F)c(F)c1F)c1c(F)c(F)c(C(F)(F)F)c(F)c1F
-0.194578754,0.248351469,0.918038412,64.45001623,-0.7339736213114492,COc1ccc(P(c2ccc(OC)cc2OC)c2ccc(OC)cc2OC)c(OC)c1
-0.213275078,0.240644226,0.911187299,90.5805842,2.044747476721888,COc1cccc(P(c2cccc(OC)c2OC)c2cccc(OC)c2OC)c1OC
-0.20678755,0.241514176,0.901827016,68.53024281,0.39982939463795475,CCOc1ccccc1P(c1ccccc1OCC)c1ccccc1OCC
-0.215681691,0.225341945,0.923796079,50.34806513,0.1498278986816004,Cc1ccc(P(c2ccc(C)s2)c2ccc(C)s2)s1
-0.220886576,0.220885624,0.930374163,50.01541205,0.6279286368409132,Cc1csc(P(c2cc(C)cs2)c2cc(C)cs2)c1
-0.217125231,0.224589022,0.921040041,64.99655659,0.6864598256106191,Cc1ccsc1P(c1sccc1C)c1sccc1C
-0.220918972,0.229794415,0.903613985,66.50057692,1.4807090279299686,Cc1sccc1P(c1ccsc1C)c1ccsc1C
-0.215382423,0.225463081,0.926689029,50.47469058,0.15827059854139947,CC(C)(C)c1ccc(P(c2ccc(C(C)(C)C)s2)c2ccc(C(C)(C)C)s2)s1
-0.232190261,0.196185987,0.92859837,63.83111941,0.638187684600517,CCn1c(P(c2nc3ccccc3n2CC)c2nc3ccccc3n2CC)nc2ccccc21
-0.233132018,0.19399114,0.941097301,54.65359563,0.4991522305345413,Cn1c(P(c2nc3ccccc3n2C)c2nc3ccccc3n2C)nc2ccccc21
-0.237419801,0.216680825,0.894115662,71.42446928,2.8449110135070086,Cc1ccc(F)cc1P(c1cc(F)ccc1C)c1cc(F)ccc1C
-0.183963763,0.195417781,0.928142178,51.61607128,-6.872461094189376,C1=CSC(=C2SC=C(P(C3=CSC(=C4SC=CS4)S3)C3=CSC(=C4SC=CS4)S3)S2)S1
-0.223527404,0.211338624,0.93478524,54.92308819,0.4337889745204606,Cn1ccnc1P(c1nccn1C)c1nccn1C
-0.238961633,0.225464811,0.928183793,57.6151095,3.850571876330882,C1CC1P(C1CC1)C1CC1
-0.209599785,0.228048173,0.932777676,50.61733594,-0.39373946476674604,CSc1ccc(P(c2ccc(SC)cc2)c2ccc(SC)cc2)cc1
-0.218130311,0.218149134,0.931209501,50.69364146,0.029085254477777767,CSc1ccc(P(c2ccc(SC)cc2)c2ccc(S(C)=S)cc2)cc1
-0.31057,0.187183333,0.94103405,40.68673696,10.918443638654871,FC(F)(F)C#CP(C#CC(F)(F)F)C#CC(F)(F)F
-0.247301859,0.182724415,0.918130826,79.12721199,2.0563053944931013,c1cc(CCP(CCc2ccncc2)CCc2ccncc2)ccn1
-0.29574369,0.131217511,0.92774079,70.02373926,4.8165097749153105,FC(F)C(F)(F)C(F)(F)C(F)(F)CP(CC(F)(F)C(F)(F)C(F)(F)C(F)F)CC(F)(F)C(F)(F)C(F)(F)C(F)F
-0.205922379,0.164479323,0.86503469,42.28855783,-7.2998991515779466,c1ccc(NCP(CNc2ccccc2)CNc2ccccc2)cc1
-0.270292348,0.144410529,0.962148121,43.94587992,1.866416547961741,CCOC(=O)P(C(=O)OCC)C(=O)OCC
-0.196368304,0.165827088,0.861477329,43.2961418,-8.612266578914266,Cc1ccc(NCP(CNc2ccc(C)cc2)CNc2ccc(C)cc2)cc1
-0.207300338,0.205309856,0.823671481,118.2133281,-2.1089408036308654,COc1ccc(OC)c(P2C(C)(C)CC3(CC2(C)C)OCCO3)c1-c1c(C(C)C)cc(C(C)C)cc1C(C)C
-0.209399853,0.218718536,0.852477182,74.01885885,-1.5903903816940854,COc1ccc(-c2c(OC)ccc3ccccc23)c(OC)c1P(C1CCCCC1)C1CCCCC1
-0.199872596,0.219871274,0.817704653,126.4957584,-1.846781840164418,c1ccc(P(C2CCCCC2)C2CCCCC2)c(-c2c(-c3c4ccccc4cc4ccccc34)ccc3ccccc23)c1
-0.204584147,0.250678267,0.854274607,91.7175883,0.8594634799431233,COc1cccc(OC)c1-c1ccccc1-p1c(C)c(C)c(C)c1C
-0.22290771,0.233544011,0.889402859,75.95004419,2.162920274333011,COc1cccc(OC)c1-c1ccccc1-p1c2ccccc2c2ccccc21
-0.175289224,0.240150439,0.832121285,101.3445824,-4.3294665061604505,c1ccc(C(P(C2CCCCC2)C2CCCCC2)=P(C2CCCCC2)(C2CCCCC2)C2CCCCC2)cc1
-0.211214697,0.217299189,0.833890817,106.9453841,-0.738269391991409,COc1ccc(OC(C)(C)C)c(P(C2CCCCC2)C2CCCCC2)c1-c1c(C(C)C)cccc1C(C)C
